uid,up主昵称,B站地址,番茄指数,粉丝总数,作品总数,充电总人数,一级分类,二级分类
326499679,哔哩哔哩漫画,https://space.bilibili.com/326499679,3387.3,42260507,569,483,动画,综合
321173469,哔哩哔哩大会员,https://space.bilibili.com/321173469,3389,25789250,21,463,生活,日常
517327498,罗翔说刑法,https://space.bilibili.com/517327498,3682.4,25363637,254,,知识,社科・法律・心理
546195,老番茄,https://space.bilibili.com/546195,3675.6,17983185,434,48454,游戏,单机游戏
401742377,原神,https://space.bilibili.com/401742377,3585,14845665,269,,游戏,手机游戏
456664753,央视新闻,https://space.bilibili.com/456664753,3613.4,13203384,5223,5709,资讯,社会
9617619,哔哩哔哩直播,https://space.bilibili.com/9617619,3568.9,12736068,746,882,游戏,单机游戏
50329118,哔哩哔哩英雄联盟赛事,https://space.bilibili.com/50329118,3580.9,12569361,4485,,游戏,电子竞技
492840942,云视听小电视-TV,https://space.bilibili.com/492840942,3560.4,12375899,63,,影视,预告・资讯
163637592,老师好我叫何同学,https://space.bilibili.com/163637592,3668.7,10625009,47,18361,科技,数码
18202105,绵羊料理,https://space.bilibili.com/18202105,3676.8,10208917,342,11688,美食,美食制作
20165629,共青团中央,https://space.bilibili.com/20165629,3668.1,10073617,4015,37424,资讯,热点
473837611,新华社,https://space.bilibili.com/473837611,3581.1,10048866,3462,4939,资讯,热点
62540916,周六野Zoey,https://space.bilibili.com/62540916,3628.5,9602228,238,2015,时尚,健身
927587,木鱼水心,https://space.bilibili.com/927587,3696.8,9577715,1228,49389,影视,影视杂谈
9824766,敬汉卿,https://space.bilibili.com/9824766,3662.4,9433762,1191,20909,生活,搞笑
604003146,帕梅拉PamelaReif,https://space.bilibili.com/604003146,3579.4,9307748,142,1024,时尚,健身
5970160,小潮院长,https://space.bilibili.com/5970160,3622.3,8924001,335,17338,生活,搞笑
174501086,哔哩哔哩会员购,https://space.bilibili.com/174501086,3556,8634708,205,1111,动画,手办・模玩
562197,中国BOY超级大猩猩,https://space.bilibili.com/562197,3607.5,8321604,1541,34630,游戏,单机游戏
14110780,凉风Kaze,https://space.bilibili.com/14110780,3668.4,8108537,545,44104,生活,搞笑
14804670,无穷小亮的科普日常,https://space.bilibili.com/14804670,3574.4,8088727,259,3392,知识,科学科普
13354765,徐大虾咯,https://space.bilibili.com/13354765,3579.9,7705067,281,11633,游戏,单机游戏
19577966,李子柒,https://space.bilibili.com/19577966,3601.6,7666569,143,,美食,田园美食
337521240,记录生活的蛋黄派,https://space.bilibili.com/337521240,3640.7,7659737,601,6110,美食,美食制作
10330740,观察者网,https://space.bilibili.com/10330740,3675.4,7625521,14013,14067,资讯,环球
1577804,某幻君,https://space.bilibili.com/1577804,3603.4,7607676,304,22492,游戏,单机游戏
7584632,哔哩哔哩纪录片,https://space.bilibili.com/7584632,3480.4,7526628,13313,,纪录片,社会・美食・旅行
1532165,papi酱,https://space.bilibili.com/1532165,3575.8,7442948,267,8607,生活,搞笑
99157282,盗月社食遇记,https://space.bilibili.com/99157282,3672.6,7183577,505,22504,美食,美食侦探
375375,伊丽莎白鼠,https://space.bilibili.com/375375,3663.4,7135720,90,9838,鬼畜,鬼畜调教
8960728,日食记,https://space.bilibili.com/8960728,3599.7,7110749,501,3182,美食,美食制作
37663924,硬核的半佛仙人,https://space.bilibili.com/37663924,3647,7031204,349,9166,知识,财经商业
7788379,兔叭咯,https://space.bilibili.com/7788379,3618.1,7030691,287,3751,知识,科学科普
176037767,我是郭杰瑞,https://space.bilibili.com/176037767,3590.8,7017262,476,15227,生活,日常
280793434,手工耿,https://space.bilibili.com/280793434,3589.9,6938921,191,,生活,手工
1935882,指法芬芳张大仙,https://space.bilibili.com/1935882,3587.8,6857469,4844,22169,游戏,电子竞技
15773384,哔哩哔哩电影,https://space.bilibili.com/15773384,3459.5,6820206,4098,,电影,欧美电影
122879,敖厂长,https://space.bilibili.com/122879,3603.8,6799688,432,107238,游戏,单机游戏
37090048,哔哩哔哩创作中心,https://space.bilibili.com/37090048,3565.3,6730558,121,674,生活,日常
14229967,一数,https://space.bilibili.com/14229967,3568.5,6634875,485,11283,知识,校园学习
290526283,美食作家王刚R,https://space.bilibili.com/290526283,3619.5,6548474,621,8105,美食,美食制作
250858633,华农兄弟,https://space.bilibili.com/250858633,3637,6395816,516,24095,美食,田园美食
489412051,哔哩哔哩晚会,https://space.bilibili.com/489412051,3668.6,6228425,385,,娱乐,综艺
168598,逍遥散人,https://space.bilibili.com/168598,3594.7,6208370,891,37165,游戏,单机游戏
777536,LexBurner,https://space.bilibili.com/777536,3620.4,6174850,384,66130,游戏,手机游戏
883968,暴走漫画,https://space.bilibili.com/883968,3537,6170722,317,8619,娱乐,综艺
5870268,三代鹿人,https://space.bilibili.com/5870268,3628.5,6131925,200,4369,影视,影视杂谈
2206456,花少北丶,https://space.bilibili.com/2206456,3592.3,6116507,214,29278,游戏,单机游戏
10119428,小片片说大片,https://space.bilibili.com/10119428,3650.7,6034677,1258,7635,影视,影视杂谈
928123,哔哩哔哩番剧,https://space.bilibili.com/928123,3477.4,5874083,20566,4492,番剧,完结动画
229733301,音乐私藏馆,https://space.bilibili.com/229733301,3634.4,5807538,604,6475,音乐,音乐现场
5294454,逗比的雀巢,https://space.bilibili.com/5294454,3580.5,5751967,132,4524,生活,搞笑
4162287,渗透之C君,https://space.bilibili.com/4162287,3586.7,5682462,437,36082,游戏,单机游戏
3670216,TF家族,https://space.bilibili.com/3670216,3533.7,5576404,1508,16389,娱乐,明星
67141499,大漠叔叔,https://space.bilibili.com/67141499,3582.9,5546047,458,9384,生活,日常
3957971,贤宝宝Baby,https://space.bilibili.com/3957971,3577.9,5533953,331,3680,生活,搞笑
483162496,英语兔,https://space.bilibili.com/483162496,3576.4,5487014,358,,知识,校园学习
21837784,阿斗归来了,https://space.bilibili.com/21837784,3606,5381408,688,7113,影视,影视杂谈
23947287,小约翰可汗,https://space.bilibili.com/23947287,3577.5,5293282,124,33427,知识,人文历史
90361813,三十六贱笑,https://space.bilibili.com/90361813,3615.3,5244302,209,4486,动画,短片・手书・配音
946974,影视飓风,https://space.bilibili.com/946974,3592.4,5121349,520,7477,科技,数码
161775300,明日方舟,https://space.bilibili.com/161775300,3576.8,5052615,240,1970,游戏,手机游戏
66607740,宋浩老师官方,https://space.bilibili.com/66607740,3552.1,4989875,66,11547,知识,校园学习
63231,泛式,https://space.bilibili.com/63231,3588.3,4981400,248,34493,动画,综合
254463269,毕导THU,https://space.bilibili.com/254463269,3605.7,4963390,121,3789,知识,科学科普
14583962,思维实验室,https://space.bilibili.com/14583962,3583.5,4939453,113,6684,知识,科学科普
2026561407,吃花椒的喵酱,https://space.bilibili.com/2026561407,3587.6,4899344,24,,生活,日常
2920960,大祥哥来了,https://space.bilibili.com/2920960,3622.9,4811024,247,11618,美食,美食测评
17819768,电影最TOP,https://space.bilibili.com/17819768,3605,4769516,472,12603,影视,影视杂谈
29329085,二喵的饭,https://space.bilibili.com/29329085,3614.5,4751831,229,5567,美食,美食制作
57863910,王者荣耀,https://space.bilibili.com/57863910,3560.7,4701304,2431,1246,游戏,电子竞技
2200736,才疏学浅的才浅,https://space.bilibili.com/2200736,3604,4643071,53,7108,生活,手工
285499073,东尼ookii,https://space.bilibili.com/285499073,3591.1,4574658,270,5168,生活,搞笑
98627270,哔哩哔哩国创,https://space.bilibili.com/98627270,3530.8,4517215,4456,,国创,国产动画
79061224,刘老师说电影,https://space.bilibili.com/79061224,3594.7,4469456,780,4999,影视,影视杂谈
353539995,拜托了小翔哥,https://space.bilibili.com/353539995,3584.5,4458023,164,3248,美食,美食制作
7487399,努力的Lorre,https://space.bilibili.com/7487399,3584.1,4418444,539,,动画,综合
33683045,张召忠,https://space.bilibili.com/33683045,3575.6,4416005,413,5948,知识,社科・法律・心理
466272,bili_466272,https://space.bilibili.com/466272,3622.3,4371629,193,17641,生活,日常
7552204,啊吗粽,https://space.bilibili.com/7552204,3599.5,4330244,253,5233,生活,日常
1420982,黑猫厨房,https://space.bilibili.com/1420982,3594.9,4313510,248,2476,美食,美食制作
42619059,Uzi,https://space.bilibili.com/42619059,3555.8,4284421,182,3826,游戏,电子竞技
330415548,谭乔,https://space.bilibili.com/330415548,3563.8,4274768,382,4494,资讯,社会
419738808,疯狂小杨哥,https://space.bilibili.com/419738808,3555.1,4261754,121,,生活,搞笑
113362335,宝剑嫂,https://space.bilibili.com/113362335,3586.2,4246216,352,2812,生活,日常
1773346,莴苣某人,https://space.bilibili.com/1773346,3549.8,4211982,117,5115,游戏,手机游戏
6574487,纳豆奶奶,https://space.bilibili.com/6574487,3593,4172836,206,6536,生活,日常
27534330,崩坏3第一偶像爱酱,https://space.bilibili.com/27534330,3575.7,4131528,395,2074,游戏,手机游戏
23630128,HuangFuRen,https://space.bilibili.com/23630128,3557.4,4121464,583,16984,知识,校园学习
54992199,观视频工作室,https://space.bilibili.com/54992199,3642.4,4075780,2124,11214,知识,社科・法律・心理
10558098,黑镖客梦回,https://space.bilibili.com/10558098,3563.5,4070483,259,5805,游戏,单机游戏
3766866,科技美学,https://space.bilibili.com/3766866,3582.7,4042809,1313,7095,科技,数码
32820037,歪果仁研究协会,https://space.bilibili.com/32820037,3578.3,4036666,467,8250,生活,日常
116683,=咬人猫=,https://space.bilibili.com/116683,3647.8,4014272,130,20264,舞蹈,宅舞
347667464,老爸评测,https://space.bilibili.com/347667464,3574.1,3960151,244,3422,生活,日常
8366990,-欣小萌-,https://space.bilibili.com/8366990,3568.7,3939512,250,11040,生活,搞笑
196356191,翔翔大作战,https://space.bilibili.com/196356191,3617.4,3896531,453,7408,美食,美食测评
16794231,靠脸吃饭的徐大王,https://space.bilibili.com/16794231,3572.4,3887355,1500,14750,游戏,电子竞技
493570956,欧阳春晓Aurora,https://space.bilibili.com/493570956,3570.2,3880322,172,989,时尚,健身
19642758,力元君,https://space.bilibili.com/19642758,3580,3865522,393,5789,生活,搞笑
627888730,星有野,https://space.bilibili.com/627888730,3559.3,3819385,85,3161,动画,短片・手书・配音
686127,籽岷,https://space.bilibili.com/686127,3578.9,3793740,4944,18735,游戏,单机游戏
53456,Warma,https://space.bilibili.com/53456,3575.4,3781654,205,25850,动画,短片・手书・配音
431073645,你的影月月,https://space.bilibili.com/431073645,3549,3758131,883,5950,游戏,手机游戏
6087825,小紧张的虫虫,https://space.bilibili.com/6087825,3561.8,3745432,567,3593,美食,美食侦探
26139491,假美食po主,https://space.bilibili.com/26139491,3593.6,3727635,454,,美食,美食制作
392836434,哔哩哔哩王者荣耀赛事,https://space.bilibili.com/392836434,3549.3,3726669,2445,,游戏,电子竞技
390461123,徐大sao,https://space.bilibili.com/390461123,3633.5,3724788,1009,27485,美食,美食制作
437316738,朱一旦的枯燥生活,https://space.bilibili.com/437316738,3591.8,3724191,279,6963,生活,搞笑
524704055,大庆赶海,https://space.bilibili.com/524704055,3556.3,3712294,327,778,美食,田园美食
483879799,猛男舞团IconX,https://space.bilibili.com/483879799,3621.6,3702560,147,1340,舞蹈,舞蹈综合
221648,柚子木字幕组,https://space.bilibili.com/221648,3594,3636063,11890,,生活,日常
520155988,所长林超,https://space.bilibili.com/520155988,3580.6,3617961,96,3262,知识,财经商业
4474705,孤独的美食基,https://space.bilibili.com/4474705,3577.7,3616079,167,4490,美食,美食侦探
516314775,刘u宏willliu,https://space.bilibili.com/516314775,3550.7,3614703,129,281,时尚,健身
369750017,韩小四April,https://space.bilibili.com/369750017,3575.2,3597101,104,189,时尚,健身
419872064,老饭骨,https://space.bilibili.com/419872064,3566.2,3584785,534,1539,美食,美食制作
730732,瓶子君152,https://space.bilibili.com/730732,3580.1,3570502,256,16464,动画,综合
519872016,历史调研室,https://space.bilibili.com/519872016,3564,3533112,44,2928,知识,人文历史
178029850,杜海皇,https://space.bilibili.com/178029850,3554,3512754,83,1323,生活,搞笑
476704454,小文哥吃吃吃,https://space.bilibili.com/476704454,3589.7,3491404,511,4363,美食,美食制作
402576555,画渣花小烙,https://space.bilibili.com/402576555,3559,3483134,217,3749,知识,科学科普
1565155,是大腿,https://space.bilibili.com/1565155,3569.1,3479497,1376,6268,游戏,电子竞技
8047632,哔哩哔哩弹幕网,https://space.bilibili.com/8047632,3742.8,3472829,153,122989,音乐,音乐综合
39737405,学过石油的语文老师,https://space.bilibili.com/39737405,3562.2,3453227,315,6395,知识,校园学习
585267,-纯黑-,https://space.bilibili.com/585267,3564,3429270,539,33829,游戏,单机游戏
297242063,黄一刀有毒,https://space.bilibili.com/297242063,3560.2,3397005,204,807,生活,搞笑
9008159,花花与三猫CatLive,https://space.bilibili.com/9008159,3560.7,3395379,320,18665,动物圈,喵星人
11073,hanser,https://space.bilibili.com/11073,3589.2,3395324,366,30335,生活,其他
321422126,进击的金厂长,https://space.bilibili.com/321422126,3590.5,3387055,482,9074,动画,综合
532741557,戴建业老师,https://space.bilibili.com/532741557,3566.7,3383022,202,,知识,人文历史
2403047,嘟督不噶油,https://space.bilibili.com/2403047,3570.2,3374379,498,12702,游戏,单机游戏
27218150,刘哔电影,https://space.bilibili.com/27218150,3585.9,3373354,725,4461,影视,影视杂谈
1869712375,山城小栗旬的理发日记,https://space.bilibili.com/1869712375,3558,3351808,94,397,时尚,美妆
216156027,小高姐的魔法调料,https://space.bilibili.com/216156027,3578,3344780,270,3334,美食,美食制作
3066511,特效小哥studio,https://space.bilibili.com/3066511,3578.3,3333009,253,2275,生活,搞笑
250111460,蜡笔和小勋,https://space.bilibili.com/250111460,3587.7,3313634,158,2317,知识,科学科普
1837617,薄海纸鱼,https://space.bilibili.com/1837617,3550.1,3295593,968,3856,游戏,单机游戏
108569350,AG超玩会王者荣耀梦泪,https://space.bilibili.com/108569350,3549.3,3286462,1331,1637,游戏,电子竞技
81824112,导演小策,https://space.bilibili.com/81824112,3570.6,3282518,190,5282,生活,搞笑
282994,泠鸢yousa,https://space.bilibili.com/282994,3642.7,3273292,335,31860,音乐,翻唱
11870568,拉宏桑,https://space.bilibili.com/11870568,3565.1,3270605,320,3052,生活,日常
477531206,阿特警官,https://space.bilibili.com/477531206,3549,3269966,242,98,资讯,社会
35359510,远古时代装机猿,https://space.bilibili.com/35359510,3587.7,3255749,780,14382,科技,
222103174,小央视频,https://space.bilibili.com/222103174,3567.5,3236792,23237,968,资讯,环球
3032988,密子君,https://space.bilibili.com/3032988,3559.6,3232834,440,4887,美食,美食侦探
42870908,网不红萌叔Joey,https://space.bilibili.com/42870908,3566.6,3224369,816,1641,美食,美食测评
79577853,智能路障,https://space.bilibili.com/79577853,3594.7,3215128,136,8076,知识,人文历史
393166851,大碗拿铁,https://space.bilibili.com/393166851,3574.5,3214273,109,807,美食,美食制作
11131476,绫人太太啊,https://space.bilibili.com/11131476,3555.3,3209354,286,1491,生活,搞笑
388576777,英语的平行世界,https://space.bilibili.com/388576777,3553.5,3205463,482,2541,知识,校园学习
94510621,梗指南,https://space.bilibili.com/94510621,3551.2,3187302,665,424,生活,搞笑
17409016,爱做饭的芋头SAMA,https://space.bilibili.com/17409016,3584.9,3173102,118,15703,美食,美食制作
433351,EdmundDZhang,https://space.bilibili.com/433351,3571.3,3162006,403,35096,游戏,单机游戏
9458053,李永乐老师官方,https://space.bilibili.com/9458053,3552.5,3146682,352,4632,知识,科学科普
1328260,哔哩哔哩游戏中心,https://space.bilibili.com/1328260,3556.3,3133007,1254,899,游戏,单机游戏
346563107,波士顿圆脸,https://space.bilibili.com/346563107,3564.8,3121848,829,15062,资讯,环球
15634833,鲤鱼Ace,https://space.bilibili.com/15634833,3545.5,3121531,842,3030,游戏,单机游戏
339680732,盖世猪猪丶,https://space.bilibili.com/339680732,3564.1,3105536,185,521,动画,短片・手书・配音
49246269,大象放映室,https://space.bilibili.com/49246269,3573,3066281,258,3704,影视,影视杂谈
381435385,CSGO大茄子,https://space.bilibili.com/381435385,3550.8,3061199,1618,2544,游戏,电子竞技
486183,排骨教主,https://space.bilibili.com/486183,3611.5,3058397,179,8815,音乐,原创音乐
207346018,肉肉大搜索,https://space.bilibili.com/207346018,3561.4,3051956,644,1464,美食,美食侦探
436473455,冯提莫,https://space.bilibili.com/436473455,3583.8,3045569,156,,音乐,翻唱
515993,枪弹轨迹,https://space.bilibili.com/515993,3619.9,3044910,251,1824,鬼畜,鬼畜调教
390079112,一条小团团OvO,https://space.bilibili.com/390079112,3547.6,3022875,466,1100,游戏,网络游戏
42561463,浑元Rysn,https://space.bilibili.com/42561463,3604.2,3016601,331,1437,音乐,演奏
438173577,卢克文工作室,https://space.bilibili.com/438173577,3550.9,3012648,683,3071,资讯,热点
44688866,姜峰真的苟,https://space.bilibili.com/44688866,3561.6,3007747,107,1556,生活,搞笑
454719565,奇闻观察室,https://space.bilibili.com/454719565,3563.8,3003847,251,2666,知识,人文历史
66391032,帅soserious,https://space.bilibili.com/66391032,3569.8,3003652,139,1293,时尚,健身
36081646,洛天依,https://space.bilibili.com/36081646,3587.5,2989113,91,,音乐,VOCALOID・UTAU
1335713025,知了解压萌物,https://space.bilibili.com/1335713025,3543.8,2962870,71,351,动物圈,野生动物
1838326986,帅农鸟哥,https://space.bilibili.com/1838326986,3553,2948555,53,994,生活,手工
510856133,吟游诗人基德,https://space.bilibili.com/510856133,3564.9,2942978,158,1928,知识,科学科普
2142762,老戴在此,https://space.bilibili.com/2142762,3555.2,2937845,1313,13993,游戏,单机游戏
4856007,迷影社,https://space.bilibili.com/4856007,3454.6,2934270,31579,967,电视剧,国产剧
17561219,直播小喇叭,https://space.bilibili.com/17561219,3544.7,2927147,465,9,游戏,电子竞技
95515699,粤知一二,https://space.bilibili.com/95515699,3565.1,2915669,1816,5814,生活,搞笑
147166910,雨哥到处跑,https://space.bilibili.com/147166910,3570.5,2907217,217,1887,生活,搞笑
396848107,不愧是姐姐大人,https://space.bilibili.com/396848107,3570.5,2895886,183,871,生活,日常
178778949,英雄联盟,https://space.bilibili.com/178778949,3570.3,2890794,3737,2972,游戏,电子竞技
25876945,极客湾Geekerwan,https://space.bilibili.com/25876945,3571.9,2890064,328,12717,科技,数码
63274187,dc008,https://space.bilibili.com/63274187,3551.7,2875570,1551,370,知识,校园学习
125526,-LKs-,https://space.bilibili.com/125526,3577.7,2863739,384,7772,生活,日常
26240675,与山0v0,https://space.bilibili.com/26240675,3565.2,2845955,754,5337,游戏,单机游戏
808171,吃素的狮子,https://space.bilibili.com/808171,3591.1,2839247,637,11133,生活,日常
3380239,神奇的老皮VFX,https://space.bilibili.com/3380239,3567,2826268,163,3977,游戏,电子竞技
52250,视角姬,https://space.bilibili.com/52250,3568.8,2821620,330,4446,生活,日常
472747194,巫师财经,https://space.bilibili.com/472747194,3581.9,2821519,16,7046,知识,财经商业
262453663,Vinheteiro,https://space.bilibili.com/262453663,3588.2,2809807,248,1386,音乐,演奏
170948267,衣戈猜想,https://space.bilibili.com/170948267,3574.9,2809637,45,2139,知识,人文历史
40966108,倒悬的橘子,https://space.bilibili.com/40966108,3634.1,2782435,283,2962,鬼畜,鬼畜调教
72270557,芳斯塔芙,https://space.bilibili.com/72270557,3580.8,2780988,164,8761,知识,科学科普
6926237,YouTube听力精选,https://space.bilibili.com/6926237,3555.3,2753933,630,199,知识,校园学习
29296192,虫哥说电影,https://space.bilibili.com/29296192,3585,2740656,469,3665,影视,影视杂谈
31220044,小贝饿了,https://space.bilibili.com/31220044,3558.7,2736819,396,1693,美食,美食侦探
454755309,YouTube口语精选,https://space.bilibili.com/454755309,3563.9,2718423,344,190,知识,校园学习
414336759,路温1900,https://space.bilibili.com/414336759,3577.1,2715488,185,6589,影视,影视杂谈
474702359,自来卷三木,https://space.bilibili.com/474702359,3562.4,2710718,123,1259,生活,搞笑
518876755,Steam官方特惠,https://space.bilibili.com/518876755,3545.9,2696860,805,203,游戏,单机游戏
405370021,尴尬的铁根er,https://space.bilibili.com/405370021,3545,2691754,793,3711,游戏,电子竞技
1531707,叔贵,https://space.bilibili.com/1531707,3571.3,2689776,164,636,时尚,健身
322892,痒局长,https://space.bilibili.com/322892,3566.5,2676933,596,8798,游戏,手机游戏
450595813,文不叮,https://space.bilibili.com/450595813,3578.1,2676753,158,555,时尚,美妆
473524263,澳洲阿彭,https://space.bilibili.com/473524263,3566.1,2667864,134,1693,美食,美食制作
433587902,央视频,https://space.bilibili.com/433587902,3558.5,2666799,4400,357,资讯,热点
40427625,取景框看世界,https://space.bilibili.com/40427625,3600.4,2665569,102,507,知识,校园学习
39627524,食贫道,https://space.bilibili.com/39627524,3583.9,2662595,376,4712,美食,美食侦探
391679,A路人,https://space.bilibili.com/391679,3622.3,2653076,226,3922,音乐,翻唱
416128940,在下哲别,https://space.bilibili.com/416128940,3563.2,2642697,138,2473,生活,日常
3353026,鹤吱菌,https://space.bilibili.com/3353026,3562.8,2640333,127,1530,游戏,单机游戏
1643718,山下智博,https://space.bilibili.com/1643718,3562.8,2623491,1330,11400,生活,日常
306895558,不2不叫周淑怡,https://space.bilibili.com/306895558,3548.2,2621816,45,1040,游戏,电子竞技
13118294,超级神奇的木偶,https://space.bilibili.com/13118294,3554.3,2608385,59,1736,游戏,电子竞技
588278127,田野上的繁荣,https://space.bilibili.com/588278127,3571.9,2608307,604,11022,美食,美食记录
15960317,碰碰彭碰彭,https://space.bilibili.com/15960317,3590.2,2603806,247,2205,音乐,演奏
26633150,wlop-,https://space.bilibili.com/26633150,3562,2602792,131,6558,生活,绘画
8969156,小白测评,https://space.bilibili.com/8969156,3572,2600268,1079,2826,科技,数码
59905809,哦呼w,https://space.bilibili.com/59905809,3623.3,2590535,175,3035,鬼畜,鬼畜调教
26606146,底层原理,https://space.bilibili.com/26606146,3549.5,2587299,110,2178,知识,科学科普
265059948,温柔JUNZ,https://space.bilibili.com/265059948,3654.3,2582588,77,51588,知识,社科・法律・心理
33824345,M木糖M,https://space.bilibili.com/33824345,3548.4,2581428,180,775,游戏,单机游戏
4408538,我是怪异君,https://space.bilibili.com/4408538,3558.1,2580436,156,5867,生活,日常
51896064,罗汉解说,https://space.bilibili.com/51896064,3572.5,2568251,155,31449,游戏,电子竞技
326081112,夹性芝士,https://space.bilibili.com/326081112,3556.9,2555339,217,1785,知识,科学科普
8739477,老实憨厚的笑笑,https://space.bilibili.com/8739477,3546,2554314,2542,6597,游戏,电子竞技
1605721,允星河Yoseya,https://space.bilibili.com/1605721,3549.9,2553410,160,4631,动画,短片・手书・配音
43222001,卡特亚,https://space.bilibili.com/43222001,3562.6,2550071,1136,5324,游戏,手机游戏
203337614,开心嘴炮,https://space.bilibili.com/203337614,3578.7,2545770,502,1990,影视,影视杂谈
423738152,俏佳人xxx,https://space.bilibili.com/423738152,3549.6,2543899,45,472,知识,社科・法律・心理
1871001,棉花大哥哥,https://space.bilibili.com/1871001,3557.8,2535094,1449,3922,游戏,手机游戏
43536,黑桐谷歌,https://space.bilibili.com/43536,3555.2,2531326,1326,22421,游戏,单机游戏
43389575,凤凰天使TSKS韩剧社官方账号,https://space.bilibili.com/43389575,3614.6,2530590,10714,81,娱乐,综艺
11253297,多多poi丶,https://space.bilibili.com/11253297,3602.1,2520234,274,3460,音乐,翻唱
423895,怕上火暴王老菊,https://space.bilibili.com/423895,3572.2,2502260,710,57262,游戏,单机游戏
16671656,空卡空卡空空卡,https://space.bilibili.com/16671656,3564.7,2499421,339,3414,知识,校园学习
512574759,公孙田浩,https://space.bilibili.com/512574759,3559.3,2488368,31,852,知识,人文历史
352637817,品诺美食开课啦,https://space.bilibili.com/352637817,3565.1,2478882,530,1231,美食,美食制作
598464467,苏星河牛通,https://space.bilibili.com/598464467,3565.3,2469889,38,1309,科技,软件应用
515015078,贝尔-格里尔斯,https://space.bilibili.com/515015078,3573.8,2466365,63,225,娱乐,明星
487511093,YouTube精选字幕组,https://space.bilibili.com/487511093,3563.8,2464197,4261,66,生活,日常
34189415,low君热剧,https://space.bilibili.com/34189415,3580.8,2458939,552,2022,影视,影视杂谈
1893045,狂风桑,https://space.bilibili.com/1893045,3564.1,2444456,229,1992,生活,搞笑
641975239,刘谦,https://space.bilibili.com/641975239,3593.1,2439604,60,,娱乐,明星
470156882,小艾大叔,https://space.bilibili.com/470156882,3562.8,2428856,95,994,生活,家居房产
94281836,文西与阿漆,https://space.bilibili.com/94281836,3566,2420012,889,1596,生活,搞笑
21778636,中国日报,https://space.bilibili.com/21778636,3555.7,2415965,8010,410,资讯,热点
20892823,柠檬派奇幻漂流,https://space.bilibili.com/20892823,3558.3,2404161,266,2356,生活,搞笑
642389251,黑神话之悟空,https://space.bilibili.com/642389251,3574.5,2400925,6,,游戏,单机游戏
258150656,回形针PaperClip,https://space.bilibili.com/258150656,3573.3,2400587,220,6352,知识,科学科普
680677803,王小七Fire,https://space.bilibili.com/680677803,3585.2,2393525,125,2281,知识,社科・法律・心理
8578857,谷阿莫,https://space.bilibili.com/8578857,3570,2392460,1633,5414,影视,影视杂谈
43310262,Minecraft我的世界官方,https://space.bilibili.com/43310262,3544.5,2390313,293,137,游戏,单机游戏
46708782,鲁大能,https://space.bilibili.com/46708782,3563.9,2385571,402,3412,游戏,网络游戏
596842980,南翔不爱吃饭,https://space.bilibili.com/596842980,3547.9,2374356,205,389,美食,美食制作
5957440,曼食慢语,https://space.bilibili.com/5957440,3575.2,2368790,486,1611,美食,美食制作
349721082,清华大学,https://space.bilibili.com/349721082,3550.4,2368437,1057,,生活,日常
17546432,马壮实Hera,https://space.bilibili.com/17546432,3572.5,2366070,317,2083,美食,美食制作
279583114,老坛胡说,https://space.bilibili.com/279583114,3567.2,2360667,215,3112,生活,日常
50660116,上班族的便当,https://space.bilibili.com/50660116,3560.5,2350403,1107,546,美食,美食制作
1202762767,花泽香菜,https://space.bilibili.com/1202762767,3592.9,2347101,55,439,娱乐,明星
345630501,黄龄,https://space.bilibili.com/345630501,3605,2344476,166,3478,音乐,翻唱
578227337,华为,https://space.bilibili.com/578227337,3544.6,2344447,498,532,科技,数码
471792754,趣测酱,https://space.bilibili.com/471792754,3571.8,2343492,293,492,生活,日常
11336264,TESTV官方频道,https://space.bilibili.com/11336264,3568.9,2330246,1087,13014,科技,数码
24478119,路路迷路路,https://space.bilibili.com/24478119,3548.1,2328223,322,2713,游戏,单机游戏
521249172,乌鸦校尉CaptainWuya,https://space.bilibili.com/521249172,3568.7,2324683,144,2699,知识,人文历史
10462362,天天卡牌,https://space.bilibili.com/10462362,3562.6,2318500,1153,16754,游戏,电子竞技
378885845,不正经老丝,https://space.bilibili.com/378885845,3571.5,2304845,392,1598,知识,社科・法律・心理
3404595,卡布叻_周深,https://space.bilibili.com/3404595,3573.4,2304376,14,,音乐,音乐现场
17171565,蔡老板家的长工,https://space.bilibili.com/17171565,3573.4,2298858,1403,10058,影视,影视杂谈
37974444,黑马程序员,https://space.bilibili.com/37974444,3553.6,2296453,833,4190,知识,野生技能协会
3334179,我的样子平平无奇,https://space.bilibili.com/3334179,3561.9,2295981,231,2379,美食,美食制作
1958342,水无月菌,https://space.bilibili.com/1958342,3559,2269029,201,11125,游戏,桌游棋牌
11684621,太阳星sunstar,https://space.bilibili.com/11684621,3563.3,2267641,308,1412,知识,人文历史
17134369,司墨尧smile,https://space.bilibili.com/17134369,3573.8,2262165,370,479,音乐,原创音乐
2374194,墨韵Moyun,https://space.bilibili.com/2374194,3621.1,2261516,80,4690,音乐,演奏
20259914,稚晖君,https://space.bilibili.com/20259914,3567.6,2258294,61,1829,科技,极客DIY
16206007,vivi可爱多,https://space.bilibili.com/16206007,3567,2257508,288,1361,生活,日常
295723,★⑥|轮椤,https://space.bilibili.com/295723,3565.6,2252293,564,12878,生活,搞笑
283036476,狈总,https://space.bilibili.com/283036476,3551.8,2241894,304,544,生活,搞笑
25150941,极速拍档,https://space.bilibili.com/25150941,3558.2,2241121,577,4222,生活,汽车生活
1885078,nya酱的一生,https://space.bilibili.com/1885078,3568.7,2241005,288,,生活,日常
300722822,刘文超Vin,https://space.bilibili.com/300722822,3552.6,2235462,67,9174,知识,校园学习
35836017,OneMillion_舞蹈教室,https://space.bilibili.com/35836017,3590.3,2234888,3125,627,舞蹈,街舞
13164144,魔法Zc目录,https://space.bilibili.com/13164144,3554.7,2233340,304,9839,游戏,手机游戏
52190805,麟宣森,https://space.bilibili.com/52190805,3587.4,2223355,134,1300,美食,美食制作
233114659,碧蓝航线,https://space.bilibili.com/233114659,3549.3,2223344,87,,游戏,手机游戏
3046429,祖娅纳惜,https://space.bilibili.com/3046429,3627.9,2213133,319,12109,音乐,翻唱
275338136,肯德基,https://space.bilibili.com/275338136,3545.3,2210973,380,,生活,日常
308693140,声物课,https://space.bilibili.com/308693140,3544.7,2207294,173,321,动画,短片・手书・配音
394609671,终极小腾,https://space.bilibili.com/394609671,3546.8,2200529,94,703,汽车,汽车生活
447317111,Meetfood觅食,https://space.bilibili.com/447317111,3558.2,2197216,227,1418,美食,美食侦探
381281213,姜云升,https://space.bilibili.com/381281213,3568.3,2196023,32,2926,音乐,音乐现场
26321770,和猫住の,https://space.bilibili.com/26321770,3560.9,2193766,313,22956,动物圈,喵星人
4059920,靖菌命,https://space.bilibili.com/4059920,3560,2193161,291,3427,游戏,单机游戏
7714,女孩为何穿短裙,https://space.bilibili.com/7714,3589.6,2188253,68,,鬼畜,鬼畜调教
357229416,打泥泥,https://space.bilibili.com/357229416,3557.7,2186034,81,3913,游戏,单机游戏
28642491,楼上的老张,https://space.bilibili.com/28642491,3554.9,2175960,577,4129,游戏,单机游戏
617285,芒果冰OL,https://space.bilibili.com/617285,3567.8,2173519,373,13726,游戏,网络游戏
591856754,卢正义的雕刻时光,https://space.bilibili.com/591856754,3570.4,2171642,79,1301,生活,手工
329519036,韭菜实验室,https://space.bilibili.com/329519036,3555.4,2169401,237,612,科技,数码
154021609,老邪说电影,https://space.bilibili.com/154021609,3579.9,2169080,532,3088,影视,影视杂谈
382651856,战双帕弥什,https://space.bilibili.com/382651856,3557.2,2165887,296,3517,游戏,手机游戏
648113003,沈逸老师,https://space.bilibili.com/648113003,3564.1,2165881,93,4753,知识,社科・法律・心理
359516438,TED超级演讲家,https://space.bilibili.com/359516438,3547.7,2154442,1392,79,知识,社科・法律・心理
11100920,飞社长,https://space.bilibili.com/11100920,3560.7,2154419,386,4956,生活,搞笑
11021614,我是瑞斯拜,https://space.bilibili.com/11021614,3551.8,2154335,1220,1633,知识,校园学习
20503549,doyoudo,https://space.bilibili.com/20503549,3570.2,2154017,378,1609,知识,野生技能协会
19286458,陈翔六点半,https://space.bilibili.com/19286458,3569.5,2152087,1799,2329,影视,短片
1691347,大橙橙橙子,https://space.bilibili.com/1691347,3549.8,2148934,1339,2743,游戏,单机游戏
14781644,老烟斗官方,https://space.bilibili.com/14781644,3550.1,2148014,463,782,知识,人文历史
587618113,姚姚不是P30,https://space.bilibili.com/587618113,3550.3,2125945,167,948,生活,搞笑
429741851,大老师Sam,https://space.bilibili.com/429741851,3543.4,2125626,481,374,游戏,手机游戏
16539048,一只小仙若,https://space.bilibili.com/16539048,3579.2,2123109,147,3479,舞蹈,舞蹈综合
25910292,钟文泽,https://space.bilibili.com/25910292,3559.4,2122202,701,1604,科技,数码
483301783,YouTube英语精选,https://space.bilibili.com/483301783,3556,2115516,166,180,知识,校园学习
353840826,公主连结ReDive,https://space.bilibili.com/353840826,3545.2,2111844,250,,游戏,手机游戏
295711424,神秘店长A,https://space.bilibili.com/295711424,3551.5,2104463,129,3828,游戏,单机游戏
284120,三无Marblue,https://space.bilibili.com/284120,3621.2,2099861,189,15313,音乐,原创音乐
152389373,NBzhuoc大,https://space.bilibili.com/152389373,3559,2099250,442,10965,生活,搞笑
31536760,EDG电子竞技俱乐部,https://space.bilibili.com/31536760,3549.6,2097638,464,2877,游戏,电子竞技
327750329,程十安an,https://space.bilibili.com/327750329,3562.5,2096035,124,350,时尚,美妆
645711700,不普通人类实录,https://space.bilibili.com/645711700,3551.3,2091893,231,274,生活,日常
326246517,zettaranc,https://space.bilibili.com/326246517,3580.6,2088715,211,7753,时尚,服饰
342722155,考研政治徐涛,https://space.bilibili.com/342722155,3551.1,2085869,89,414,知识,校园学习
7349,STN工作室,https://space.bilibili.com/7349,3574.2,2085585,1172,39587,游戏,单机游戏
19584552,CCheny6,https://space.bilibili.com/19584552,3546.6,2083761,265,939,游戏,单机游戏
233108841,命运-冠位指定,https://space.bilibili.com/233108841,3547.8,2080320,106,,游戏,手机游戏
26108626,赛雷三分钟,https://space.bilibili.com/26108626,3557.7,2076662,750,2319,知识,科学科普
4925207,芙芙家的洗碗君,https://space.bilibili.com/4925207,3555.7,2071083,414,2153,动画,综合
6075139,Animenzzz,https://space.bilibili.com/6075139,3608.5,2068367,192,7013,音乐,演奏
211005705,网易第五人格手游,https://space.bilibili.com/211005705,3552.8,2065370,1186,1073,游戏,手机游戏
1724598,森纳映画,https://space.bilibili.com/1724598,3554.3,2062229,331,6271,游戏,单机游戏
279991456,靠谱电竞,https://space.bilibili.com/279991456,3576.2,2056550,323,4731,游戏,电子竞技
1372433,Super也好君,https://space.bilibili.com/1372433,3556.8,2048375,139,648,生活,搞笑
439478093,中国食品报融媒体,https://space.bilibili.com/439478093,3545.4,2042527,189,140,知识,科学科普
382189062,Youtube中文字幕组,https://space.bilibili.com/382189062,3556.7,2030277,307,84,生活,搞笑
641591444,阿巳与小铃铛,https://space.bilibili.com/641591444,3546.8,2030125,164,740,动画,短片・手书・配音
3127528,空耳狂魔,https://space.bilibili.com/3127528,3565,2025520,355,2093,动画,MMD・3D
651039864,暴躁的仙人JUMP,https://space.bilibili.com/651039864,3555.2,2022887,171,743,知识,财经商业
9411426,阿三解说,https://space.bilibili.com/9411426,3544.7,2021095,150,356,游戏,电子竞技
386900246,神S七奈Official,https://space.bilibili.com/386900246,3569.2,2019467,139,16744,动画,综合
24801003,口语老炮儿马思瑞,https://space.bilibili.com/24801003,3552.3,2017627,280,386,生活,日常
21031789,王尼玛,https://space.bilibili.com/21031789,3556.5,2011945,280,831,生活,搞笑
28152637,张雪峰老师官方号,https://space.bilibili.com/28152637,3543.8,2007962,557,241,知识,校园学习
23920239,小米公司,https://space.bilibili.com/23920239,3549,2005960,584,1769,生活,日常
94114029,吃货请闭眼,https://space.bilibili.com/94114029,3560.1,1996830,601,2049,美食,美食侦探
4029133,邵艾伦Alan,https://space.bilibili.com/4029133,3550.6,1996069,343,838,生活,日常
612492134,司马南,https://space.bilibili.com/612492134,3557.1,1990218,3239,7844,资讯,热点
52165725,王骁Albert,https://space.bilibili.com/52165725,3553.1,1984366,50,1240,知识,人文历史
485092296,张三的传奇一生,https://space.bilibili.com/485092296,3561.1,1979819,629,313,知识,社科・法律・心理
3345720,犬来八荒w,https://space.bilibili.com/3345720,3590.2,1978555,25,,娱乐,明星
1467772,封茗寰,https://space.bilibili.com/1467772,3582.9,1975287,342,5168,音乐,原创音乐
691415738,苏打baka,https://space.bilibili.com/691415738,3548.2,1974301,417,1653,游戏,单机游戏
106685726,二二酸酸,https://space.bilibili.com/106685726,3568.8,1969588,72,902,知识,校园学习
269319344,光影笔墨,https://space.bilibili.com/269319344,3547.5,1969410,422,2797,动画,综合
33775467,人民网,https://space.bilibili.com/33775467,3551,1967942,3515,,资讯,社会
390126641,主播蛋白i,https://space.bilibili.com/390126641,3542.2,1967074,77,294,游戏,单机游戏
396806711,Vicky宣宣,https://space.bilibili.com/396806711,3575.2,1965330,141,824,音乐,翻唱
212535360,墨茶Official,https://space.bilibili.com/212535360,3552.5,1963934,28,,游戏,网络游戏
405054588,TED精选演讲,https://space.bilibili.com/405054588,3548.5,1959879,249,48,知识,社科・法律・心理
10874201,盒子酸奶,https://space.bilibili.com/10874201,3547.8,1959587,144,2322,游戏,单机游戏
211700578,光遇手游,https://space.bilibili.com/211700578,3542.7,1954339,112,,游戏,手机游戏
14800002,蚊子-学做美食,https://space.bilibili.com/14800002,3556,1953844,114,462,美食,美食制作
486287787,IC实验室,https://space.bilibili.com/486287787,3558.1,1953719,322,869,知识,社科・法律・心理
414641554,女胖胖,https://space.bilibili.com/414641554,3562.4,1953115,341,650,美食,美食侦探
130636947,塑料叉FOKU,https://space.bilibili.com/130636947,3557.8,1946848,125,898,时尚,美妆
423442,KBShinya,https://space.bilibili.com/423442,3628.8,1944693,370,5023,音乐,翻唱
316381099,鹿乃ちゃん,https://space.bilibili.com/316381099,3625.2,1942737,185,18215,音乐,翻唱
1636034895,绝区零,https://space.bilibili.com/1636034895,3548.6,1940104,4,,游戏,手机游戏
434376696,阿Test正经比比,https://space.bilibili.com/434376696,3563.3,1940026,221,943,知识,社科・法律・心理
3682229,小见见Zz,https://space.bilibili.com/3682229,3560,1937968,1024,4947,游戏,电子竞技
19319172,差评君,https://space.bilibili.com/19319172,3556.4,1929483,173,740,知识,科学科普
416523954,突击手蜜獾,https://space.bilibili.com/416523954,3542.1,1927675,729,2218,游戏,手机游戏
11742550,哈米伦的弄笛者,https://space.bilibili.com/11742550,3577.9,1924129,290,2199,动画,短片・手书・配音
453972,阿狸才不是受,https://space.bilibili.com/453972,3562.3,1917650,172,3658,科技,数码
2019740,逆风笑,https://space.bilibili.com/2019740,3550.7,1917611,1090,13790,游戏,单机游戏
596324576,音乐制作人Kurt,https://space.bilibili.com/596324576,3604.9,1916573,181,1475,音乐,翻唱
395619513,旁门左道PPT,https://space.bilibili.com/395619513,3556,1914874,259,130,知识,设计・创意
448019333,也就那点事儿-,https://space.bilibili.com/448019333,3543.1,1902991,40,157,生活,搞笑
2884629,oeasy,https://space.bilibili.com/2884629,3546.5,1901990,134,2041,科技,计算机技术
407045223,二次元的中科院物理所,https://space.bilibili.com/407045223,3555.1,1893636,764,1262,知识,科学科普
123938419,嘻咦啊看,https://space.bilibili.com/123938419,3564.8,1891451,77,19463,影视,短片
227107602,张喜喜-,https://space.bilibili.com/227107602,3554.2,1890354,438,832,美食,美食测评
23604445,上海滩许Van强,https://space.bilibili.com/23604445,3565.3,1890259,202,5527,游戏,电子竞技
104207471,杰里德Jared,https://space.bilibili.com/104207471,3551.5,1888358,244,1360,生活,搞笑
339233162,X调查,https://space.bilibili.com/339233162,3550.4,1887565,215,3467,知识,人文历史
7450650,超果果mc,https://space.bilibili.com/7450650,3554.6,1885096,238,2876,游戏,单机游戏
289887832,痴鸡小队官方,https://space.bilibili.com/289887832,3543.3,1883719,133,2091,游戏,网络游戏
7792521,还有一天就放假了,https://space.bilibili.com/7792521,3618.4,1878144,241,4638,鬼畜,人力VOCALOID
520819684,小Lin说,https://space.bilibili.com/520819684,3544.9,1871896,113,1653,知识,财经商业
174902557,没啥用科技,https://space.bilibili.com/174902557,3566.4,1868816,34,1296,科技,数码
50316381,疆域阿力木,https://space.bilibili.com/50316381,3549.9,1867555,43,194,生活,搞笑
434378423,闫帅奇,https://space.bilibili.com/434378423,3573.9,1865659,191,,时尚,健身
151482404,赛雷话金,https://space.bilibili.com/151482404,3572.4,1860564,179,6071,知识,社科・法律・心理
485578465,国家玮-开明致学,https://space.bilibili.com/485578465,3548.2,1860238,158,383,知识,校园学习
168064909,李佳琦Austin,https://space.bilibili.com/168064909,3562.8,1853814,199,161,娱乐,明星
31225950,不是柯桑德,https://space.bilibili.com/31225950,3552,1852954,460,948,生活,日常
168687092,鸽子__jpg,https://space.bilibili.com/168687092,3550.2,1851415,145,,动画,综合
472129071,长得像美食博主的女人,https://space.bilibili.com/472129071,3572.2,1850637,646,743,美食,美食制作
287795639,短的发布会,https://space.bilibili.com/287795639,3555.7,1842471,462,1408,科技,数码
244144308,大司马工作室,https://space.bilibili.com/244144308,3544.4,1842356,2730,1665,游戏,电子竞技
438321662,重生细胞,https://space.bilibili.com/438321662,3539.8,1842304,18,,游戏,手机游戏
491593210,姬一元,https://space.bilibili.com/491593210,3555,1841871,269,1630,生活,搞笑
612194373,沙盘上的战争,https://space.bilibili.com/612194373,3550.8,1841461,87,5503,知识,人文历史
37946996,守护茶茶,https://space.bilibili.com/37946996,3556.5,1839548,194,4855,游戏,电子竞技
20990353,游戏动力VGN,https://space.bilibili.com/20990353,3546.6,1839501,1377,6319,游戏,单机游戏
25807917,阿福Thomas,https://space.bilibili.com/25807917,3553.7,1834514,450,1742,生活,日常
398510,泽野螳螂,https://space.bilibili.com/398510,3585.5,1834496,117,9942,鬼畜,鬼畜调教
483311105,先看评测,https://space.bilibili.com/483311105,3567.6,1834460,113,2742,科技,数码
679619486,国仁全球大学堂,https://space.bilibili.com/679619486,3561,1834128,265,3222,知识,人文历史
1473830,AIChannel官方,https://space.bilibili.com/1473830,3558.9,1830300,1861,4975,动画,综合
406636263,HOLA小测佬,https://space.bilibili.com/406636263,3550.9,1830062,152,614,美食,美食侦探
15967711,油兔不二字幕组,https://space.bilibili.com/15967711,3556.4,1827573,5996,207,知识,科学科普
3433092,狂阿弥_,https://space.bilibili.com/3433092,3567.8,1825734,156,3820,生活,日常
270105105,赖皮猴爱美食,https://space.bilibili.com/270105105,3568.1,1825460,171,1026,美食,美食制作
49494871,冒险雷探长,https://space.bilibili.com/49494871,3545.5,1823513,1369,2246,生活,日常
30643878,野食小哥,https://space.bilibili.com/30643878,3563.7,1820261,253,4182,美食,田园美食
860464,少年五之歌,https://space.bilibili.com/860464,3548.1,1816228,1025,2078,游戏,单机游戏
400230277,杨晓洋的水果世界,https://space.bilibili.com/400230277,3544,1815624,272,278,知识,科学科普
85835398,夏波波Brian,https://space.bilibili.com/85835398,3555.1,1815529,265,1104,美食,美食侦探
6739643,话很多的小姐姐们,https://space.bilibili.com/6739643,3567.4,1814614,572,1402,影视,影视杂谈
125269176,乐乐课堂,https://space.bilibili.com/125269176,3550.6,1813016,810,878,知识,校园学习
131058159,英语老师Lee,https://space.bilibili.com/131058159,3540.2,1812123,1055,265,知识,校园学习
179922650,王者荣耀青莲,https://space.bilibili.com/179922650,3544.8,1809896,58,912,游戏,电子竞技
19456751,文曰小强,https://space.bilibili.com/19456751,3562.8,1809275,400,5387,影视,影视杂谈
2079933284,河马君,https://space.bilibili.com/2079933284,3544,1806549,232,47,生活,搞笑
386043247,腾格尔,https://space.bilibili.com/386043247,3550.4,1804810,200,397,生活,日常
123321175,佟大大还是ETT,https://space.bilibili.com/123321175,3542.5,1801652,65,3846,知识,校园学习
448340479,刘加勇医生,https://space.bilibili.com/448340479,3550.4,1800443,739,101,知识,科学科普
448039667,冷淡熊,https://space.bilibili.com/448039667,3552.4,1797478,453,2057,动画,短片・手书・配音
13199099,植物椿,https://space.bilibili.com/13199099,3551.2,1793416,605,2844,生活,搞笑
26023642,Big笑工坊,https://space.bilibili.com/26023642,3555.3,1789796,412,1163,影视,影视杂谈
338927049,燕子堡BBQ学徒Ray,https://space.bilibili.com/338927049,3566.2,1788179,189,1098,美食,美食制作
31438993,小桑菜奈,https://space.bilibili.com/31438993,3553.8,1783556,142,248,时尚,美妆
357665034,数学汤家凤,https://space.bilibili.com/357665034,3549.9,1775707,340,993,知识,校园学习
888465,暗猫の祝福,https://space.bilibili.com/888465,3582.4,1770769,254,8549,动画,短片・手书・配音
1523475,紫菜蛋花兔兔,https://space.bilibili.com/1523475,3545.1,1768922,272,837,生活,搞笑
590490400,克里米亚野生动物园,https://space.bilibili.com/590490400,3562.1,1768666,1242,57189,动物圈,野生动物
161419374,山药视频,https://space.bilibili.com/161419374,3551.1,1767191,461,2198,美食,田园美食
13279707,最上川下山,https://space.bilibili.com/13279707,3549.6,1761551,145,411,动画,综合
19071708,潮汕好男人,https://space.bilibili.com/19071708,3605.1,1760169,190,2006,鬼畜,鬼畜调教
49746395,云顶作坊,https://space.bilibili.com/49746395,3562.7,1757795,92,1174,知识,野生技能协会
14871346,硬件茶谈,https://space.bilibili.com/14871346,3565.1,1752281,130,3061,科技,数码
43645887,我是EyeOpener,https://space.bilibili.com/43645887,3557.7,1746955,1003,1720,知识,社科・法律・心理
2108856,流萤Zz,https://space.bilibili.com/2108856,3549.9,1746650,521,1011,游戏,手机游戏
1858682,是你们的康康,https://space.bilibili.com/1858682,3584.1,1744106,208,647,知识,校园学习
26032219,FoFTG,https://space.bilibili.com/26032219,3547.4,1740892,334,1492,游戏,单机游戏
285571498,盖里老哥,https://space.bilibili.com/285571498,3560.8,1740406,333,8424,生活,搞笑
314690088,PS教程免费学,https://space.bilibili.com/314690088,3549.7,1739561,519,32,知识,野生技能协会
337312411,翠花不太脆,https://space.bilibili.com/337312411,3589,1738527,50,3514,音乐,原创音乐
6496196,花生味花生酱,https://space.bilibili.com/6496196,3541.4,1736764,288,708,游戏,单机游戏
344447169,体态大师App,https://space.bilibili.com/344447169,3550.8,1736501,55,10,时尚,健身
470962000,落九川,https://space.bilibili.com/470962000,3542.5,1730166,173,2501,生活,日常
34646754,沉默寡言白河愁,https://space.bilibili.com/34646754,3543.4,1730017,955,11455,游戏,单机游戏
296092268,碎嘴企鹅,https://space.bilibili.com/296092268,3545.2,1722049,109,244,生活,搞笑
38351330,阿幕降临,https://space.bilibili.com/38351330,3557.7,1715340,113,2335,动画,综合
605205509,广西吴恩师,https://space.bilibili.com/605205509,3588.6,1715276,76,3229,音乐,翻唱
596866446,无处安放的小A,https://space.bilibili.com/596866446,3543.4,1711588,577,622,知识,财经商业
430926487,达达达布溜-,https://space.bilibili.com/430926487,3558.4,1711086,269,1391,生活,搞笑
9596327,卡慕SaMa,https://space.bilibili.com/9596327,3544.7,1706813,1086,2325,游戏,单机游戏
367877,笔吧评测室,https://space.bilibili.com/367877,3551.3,1704953,313,1589,科技,数码
535019206,人类行为图鉴V,https://space.bilibili.com/535019206,3554.1,1699437,230,,生活,搞笑
15262818,史图馆,https://space.bilibili.com/15262818,3554.1,1696038,331,1802,知识,人文历史
5818410,芦苇十三少,https://space.bilibili.com/5818410,3548.3,1691294,181,1073,动画,短片・手书・配音
493551742,米开朗机罗,https://space.bilibili.com/493551742,3545.6,1690761,247,81,生活,搞笑
672328094,嘉然今天吃什么,https://space.bilibili.com/672328094,3562.3,1690505,242,21025,动画,综合
547173382,杨真直,https://space.bilibili.com/547173382,3566.2,1690391,104,565,知识,校园学习
10345615,Kevin英语情报局,https://space.bilibili.com/10345615,3550.4,1688719,240,681,生活,搞笑
330383888,广东共青团,https://space.bilibili.com/330383888,3571.6,1687720,2304,910,资讯,热点
452309333,丸子叨叨叨,https://space.bilibili.com/452309333,3562,1686391,505,3801,动画,综合
36882906,PDD在B站,https://space.bilibili.com/36882906,3540.9,1684894,3072,2067,游戏,电子竞技
38407276,邓园长,https://space.bilibili.com/38407276,3575.6,1683843,243,4515,音乐,翻唱
399918500,初音未来_Crypton,https://space.bilibili.com/399918500,3585.6,1683123,174,,音乐,VOCALOID・UTAU
388699948,欧阳娜娜Nana,https://space.bilibili.com/388699948,3563.1,1680442,220,,娱乐,明星
31012715,是老胡没错,https://space.bilibili.com/31012715,3549.5,1679349,180,1019,生活,搞笑
177613639,无聊的开箱,https://space.bilibili.com/177613639,3549.6,1676205,497,776,科技,数码
2897191,阿漫啊阿漫,https://space.bilibili.com/2897191,3555.5,1673455,292,1532,生活,搞笑
103388721,六层楼先生,https://space.bilibili.com/103388721,3550.1,1671866,335,530,知识,科学科普
8937568,特别中二的q3君,https://space.bilibili.com/8937568,3550.8,1669642,300,1018,游戏,单机游戏
402574397,孙笑川258,https://space.bilibili.com/402574397,3548.9,1665118,147,1709,生活,日常
454118230,开箱嘤嘤怪,https://space.bilibili.com/454118230,3545.7,1665028,112,349,科技,数码
27756469,奶糕成精档案社,https://space.bilibili.com/27756469,3557,1664501,30,2436,动物圈,喵星人
10303206,环球时报,https://space.bilibili.com/10303206,3545.9,1662557,4840,145,资讯,环球
454560170,住范儿,https://space.bilibili.com/454560170,3541.9,1662172,93,91,生活,家居房产
481936705,AndrewCap,https://space.bilibili.com/481936705,3543.6,1661419,271,335,知识,校园学习
3379951,ilem,https://space.bilibili.com/3379951,3607.7,1655419,69,6089,音乐,VOCALOID・UTAU
30973654,网易阴阳师手游,https://space.bilibili.com/30973654,3554.3,1654729,641,,游戏,手机游戏
540564177,Jason-老湿,https://space.bilibili.com/540564177,3567.3,1651334,220,1265,音乐,音乐综合
48133212,小黑课堂计算机二级,https://space.bilibili.com/48133212,3543.8,1650520,135,917,知识,校园学习
338748561,喵喵折App,https://space.bilibili.com/338748561,3572.4,1650401,134,2256,科技,数码
298946431,香香软软的小泡芙,https://space.bilibili.com/298946431,3543.5,1649706,630,1532,动物圈,喵星人
88461692,3Blue1Brown,https://space.bilibili.com/88461692,3547.3,1648884,112,1156,知识,科学科普
1895195099,江寻千,https://space.bilibili.com/1895195099,3546.8,1648626,153,870,美食,美食制作
129259501,极客匠,https://space.bilibili.com/129259501,3559.2,1648204,86,1567,科技,极客DIY
235555226,哔哩哔哩UP主执事,https://space.bilibili.com/235555226,3564,1647706,239,339,娱乐,综艺
1871737115,纸嫁衣官方,https://space.bilibili.com/1871737115,3546.3,1645541,54,755,游戏,单机游戏
455710037,锦城大同教育,https://space.bilibili.com/455710037,3552.5,1645194,433,947,知识,校园学习
174949313,闲不住的阿俊,https://space.bilibili.com/174949313,3541.9,1644182,235,104,美食,美食记录
22770727,豪言の经理,https://space.bilibili.com/22770727,3579.9,1643771,46,2255,鬼畜,鬼畜剧场
3562949,生活就是画画画,https://space.bilibili.com/3562949,3554.4,1642972,3261,297,生活,绘画
234256,逗川kshadow,https://space.bilibili.com/234256,3553,1642891,298,7175,游戏,单机游戏
491240131,烤鸭TV,https://space.bilibili.com/491240131,3544.2,1640505,169,719,知识,校园学习
6875363,不是的的是のの,https://space.bilibili.com/6875363,3546.6,1640262,126,1419,游戏,电子竞技
1754707,柴犬老丸子,https://space.bilibili.com/1754707,3555.5,1638467,272,1201,美食,美食制作
18337466,张三普法,https://space.bilibili.com/18337466,3544.8,1636281,346,,知识,社科・法律・心理
294651267,DreamsMom,https://space.bilibili.com/294651267,3540.9,1635177,219,767,游戏,单机游戏
290548469,冲浪普拉斯,https://space.bilibili.com/290548469,3551.7,1633252,184,1578,知识,财经商业
3341680,老少女阿珂,https://space.bilibili.com/3341680,3547.5,1630426,182,1706,生活,日常
11270116,酒痴东梦,https://space.bilibili.com/11270116,3558.8,1628109,352,1683,知识,社科・法律・心理
320491072,绯绯Feifei,https://space.bilibili.com/320491072,3603.5,1627525,382,4513,音乐,演奏
479893558,郎朗,https://space.bilibili.com/479893558,3555.3,1625783,149,36,音乐,演奏
1763562610,这个账号叫啥呢,https://space.bilibili.com/1763562610,3578.3,1622631,23,,娱乐,明星
385805493,自说自话的总裁,https://space.bilibili.com/385805493,3548.8,1617690,290,1911,知识,人文历史
22141287,波桑吃遍世界,https://space.bilibili.com/22141287,3559.4,1617571,183,4716,生活,日常
397076059,白醋少女,https://space.bilibili.com/397076059,3550.1,1616043,176,2495,生活,日常
281284373,文武俩兄弟,https://space.bilibili.com/281284373,3540.5,1611468,48,421,生活,日常
37992622,破产兄弟BrokeBros,https://space.bilibili.com/37992622,3570.9,1610187,143,2134,生活,日常
259358419,悠悠球琛总,https://space.bilibili.com/259358419,3541.3,1605295,315,,生活,搞笑
16307541,Vivekatt,https://space.bilibili.com/16307541,3561.3,1602647,239,2539,时尚,美妆
432499697,戒喵中心,https://space.bilibili.com/432499697,3546,1599640,428,103,动物圈,喵星人
140458333,狙击手麦克,https://space.bilibili.com/140458333,3541.2,1598139,1179,1423,游戏,手机游戏
21778075,_青红造了个白_,https://space.bilibili.com/21778075,3580.9,1598010,33,696,影视,影视剪辑
243681035,wuli小周,https://space.bilibili.com/243681035,3545.1,1597655,783,1052,游戏,单机游戏
2871017,一栗莎子,https://space.bilibili.com/2871017,3540.7,1595156,109,282,生活,日常
632887,伢伢gagako,https://space.bilibili.com/632887,3575.6,1593204,205,2801,舞蹈,舞蹈综合
412719797,YouTube精彩视频-,https://space.bilibili.com/412719797,3561.1,1592572,3506,25,生活,日常
37781521,郭云神奇,https://space.bilibili.com/37781521,3557.9,1591019,544,581,知识,社科・法律・心理
251850212,考研英语刘晓艳,https://space.bilibili.com/251850212,3550.3,1589336,99,274,知识,校园学习
390371228,知心者联盟,https://space.bilibili.com/390371228,3566.3,1588971,262,242,知识,科学科普
90183256,36氪,https://space.bilibili.com/90183256,3547.2,1587322,285,258,知识,财经商业
263090405,猫不理咖啡,https://space.bilibili.com/263090405,3542.3,1586965,427,644,动物圈,喵星人
8188433,T君说,https://space.bilibili.com/8188433,3560.8,1586328,937,811,知识,社科・法律・心理
562770406,妈见打,https://space.bilibili.com/562770406,3547.3,1585286,226,42,生活,搞笑
192090,小透明明TM,https://space.bilibili.com/192090,3556.4,1584652,80,1587,知识,人文历史
35643203,鬼叔怪谈,https://space.bilibili.com/35643203,3544.7,1583522,347,942,知识,人文历史
129240403,燃茶哥哥在此,https://space.bilibili.com/129240403,3555.1,1578587,505,3558,游戏,手机游戏
181508854,文字铺,https://space.bilibili.com/181508854,3558,1576963,657,96,知识,人文历史
684169,茶理理理子,https://space.bilibili.com/684169,3564.4,1574067,54,5297,音乐,原创音乐
32365949,聚印象视频,https://space.bilibili.com/32365949,3554,1572750,2269,5463,游戏,电子竞技
11164088,龙馍馍,https://space.bilibili.com/11164088,3546.3,1570672,2012,785,动物圈,喵星人
4543111,一条视频,https://space.bilibili.com/4543111,3554.2,1568610,2077,94,生活,日常
22423090,卓叔增重,https://space.bilibili.com/22423090,3549.7,1568283,81,692,时尚,健身
9550310,萧忆情Alex,https://space.bilibili.com/9550310,3614.2,1567668,256,6939,音乐,翻唱
138832847,哇哇哇妹,https://space.bilibili.com/138832847,3565.2,1567237,393,1549,影视,影视杂谈
496688267,北京青年x凉子访谈录,https://space.bilibili.com/496688267,3546.4,1566395,477,311,生活,日常
235630215,国电武术馆馆长,https://space.bilibili.com/235630215,3548.2,1566286,182,1951,游戏,网络游戏
927687,折腾5号,https://space.bilibili.com/927687,3548.3,1566133,1178,4495,游戏,手机游戏
472755538,AG超玩会王者荣耀一诺,https://space.bilibili.com/472755538,3539.2,1565204,310,1323,游戏,电子竞技
386406763,项真爽,https://space.bilibili.com/386406763,3544.4,1564055,42,42,生活,搞笑
566258416,oskarpianist,https://space.bilibili.com/566258416,3578.3,1563671,211,2026,音乐,演奏
17223352,1900影剧室,https://space.bilibili.com/17223352,3561,1563625,327,5784,影视,影视杂谈
37961599,小缸和阿灿,https://space.bilibili.com/37961599,3572.3,1563030,182,15139,生活,日常
6171645,OELoop,https://space.bilibili.com/6171645,3617.5,1561669,184,2858,鬼畜,鬼畜调教
2103351,双笙子,https://space.bilibili.com/2103351,3580.1,1560251,104,,音乐,原创音乐
254662438,时间只玩辅,https://space.bilibili.com/254662438,3539.2,1559611,565,940,游戏,电子竞技
250648682,红豆稀饭中,https://space.bilibili.com/250648682,3601.9,1557734,253,755,鬼畜,鬼畜调教
287003199,唯一音乐小魔王,https://space.bilibili.com/287003199,3561.4,1556536,174,1145,音乐,音乐综合
486633990,我是江无情,https://space.bilibili.com/486633990,3556,1555739,174,1504,知识,社科・法律・心理
14946689,鲎油学,https://space.bilibili.com/14946689,3550,1555282,147,1456,生活,日常
17239951,战辉,https://space.bilibili.com/17239951,3546.7,1554202,659,231,生活,搞笑
164139557,活蹦乱跳的肥,https://space.bilibili.com/164139557,3552.6,1553541,193,1907,生活,日常
456404164,皮科医生魏小博,https://space.bilibili.com/456404164,3549.5,1552483,191,661,知识,科学科普
2006034,吊德斯DioDes,https://space.bilibili.com/2006034,3537.2,1550422,983,816,游戏,单机游戏
36267054,赤焰男孩,https://space.bilibili.com/36267054,3559.3,1550184,130,931,生活,日常
485704862,哇塞几张,https://space.bilibili.com/485704862,3555.5,1549896,250,1059,美食,美食侦探
38048878,乌合麒麟,https://space.bilibili.com/38048878,3546.2,1547818,20,,生活,绘画
236602327,纸条App,https://space.bilibili.com/236602327,3561.8,1545950,310,77,知识,校园学习
125776535,萌新二次方,https://space.bilibili.com/125776535,3551.8,1545154,386,1250,游戏,手机游戏
249118,shourei小N,https://space.bilibili.com/249118,3548.5,1543360,150,2850,动画,短片・手书・配音
474853499,李如儒也是李蠕蠕,https://space.bilibili.com/474853499,3544.1,1542841,271,,生活,搞笑
38053181,oooooohmygosh,https://space.bilibili.com/38053181,3557.8,1537097,57,1135,知识,设计・创意
284424,小熊绅士,https://space.bilibili.com/284424,3556.2,1534908,497,1680,生活,绘画
419220,神奇陆夫人,https://space.bilibili.com/419220,3551.9,1534879,1611,14862,游戏,单机游戏
1950209,水一大魔王,https://space.bilibili.com/1950209,3556.7,1533726,482,8409,游戏,电子竞技
14254182,黑椒墨鱼,https://space.bilibili.com/14254182,3546.5,1533253,365,1938,游戏,单机游戏
386869863,培根悖论唠唠嗑,https://space.bilibili.com/386869863,3553.1,1533212,294,2897,影视,影视杂谈
328538733,老耗游戏,https://space.bilibili.com/328538733,3538.5,1528872,189,321,游戏,单机游戏
31832612,灰太狼办公室,https://space.bilibili.com/31832612,3571.7,1523682,753,2392,国创,国产原创相关
8864484,面粉社长,https://space.bilibili.com/8864484,3555.6,1520309,764,2764,动画,综合
39922227,付曦冉,https://space.bilibili.com/39922227,3564.3,1518325,387,628,时尚,美妆
397490386,肝帝董佳宁,https://space.bilibili.com/397490386,3550,1516180,281,969,知识,社科・法律・心理
471303350,大狸子切切里,https://space.bilibili.com/471303350,3545,1515533,182,2980,科技,数码
1791101,鲁过一世,https://space.bilibili.com/1791101,3549.6,1511922,124,2639,动画,综合
488836173,yoyo鹿鸣_Lumi,https://space.bilibili.com/488836173,3546.1,1506801,21,,动画,MMD・3D
246370149,33不是山山,https://space.bilibili.com/246370149,3553.6,1504107,82,2995,游戏,单机游戏
11278782,王咩阿,https://space.bilibili.com/11278782,3550.8,1504025,241,4420,美食,美食制作
51588985,是一只九龄,https://space.bilibili.com/51588985,3547.4,1502756,55,2262,生活,日常
5374954,深海色带鱼,https://space.bilibili.com/5374954,3579.3,1502029,209,1158,鬼畜,鬼畜调教
80991539,聊点什么叭,https://space.bilibili.com/80991539,3552.1,1500870,169,2807,生活,搞笑
7966,花园花玲,https://space.bilibili.com/7966,3559.6,1500822,74,4520,音乐,翻唱
50063223,备胎说车,https://space.bilibili.com/50063223,3559.2,1498232,2236,2293,生活,汽车生活
216025,尕丶天堂,https://space.bilibili.com/216025,3558.3,1498049,615,5924,动画,综合
4578433,老骚豆腐,https://space.bilibili.com/4578433,3556,1496975,346,5043,游戏,桌游棋牌
394067394,NathanRich火锅大王,https://space.bilibili.com/394067394,3567.8,1496965,128,13594,生活,日常
335575297,在下铁头阿彪,https://space.bilibili.com/335575297,3537.1,1495281,91,540,动物圈,喵星人
25503580,布锅锅,https://space.bilibili.com/25503580,3549.2,1494402,1324,1397,游戏,电子竞技
25623387,任性的KIMKILLS,https://space.bilibili.com/25623387,3569.5,1494073,2643,304,生活,搞笑
568089240,维他阿K,https://space.bilibili.com/568089240,3555.7,1492682,112,389,时尚,美妆
14402657,松浦文哉-SPWZ社L-,https://space.bilibili.com/14402657,3550,1491691,342,3109,生活,日常
451320374,央视网快看,https://space.bilibili.com/451320374,3549.9,1489943,4512,241,资讯,热点
3218685,小满家的晚饭,https://space.bilibili.com/3218685,3547.3,1486596,154,431,美食,美食制作
496035658,Kristin英语老师,https://space.bilibili.com/496035658,3538.4,1486013,425,17,知识,校园学习
11997177,三木刃,https://space.bilibili.com/11997177,3595.5,1484454,189,2034,鬼畜,鬼畜剧场
8279670,李志映画,https://space.bilibili.com/8279670,3544.9,1484389,585,727,动画,短片・手书・配音
11684516,拉草莓的西瓜JUN,https://space.bilibili.com/11684516,3603.5,1481935,120,,音乐,原创音乐
1017081142,Rookie,https://space.bilibili.com/1017081142,3535.2,1479717,42,479,游戏,电子竞技
300994119,沙雕网友咸叽叽,https://space.bilibili.com/300994119,3544.3,1477396,218,649,生活,搞笑
16853896,kei和marin,https://space.bilibili.com/16853896,3550.5,1477354,226,3697,生活,日常
5007752,萝卜吃米洛,https://space.bilibili.com/5007752,3543.7,1473445,347,2284,游戏,单机游戏
1318997,陈子豪丶EX,https://space.bilibili.com/1318997,3544.7,1473089,463,3154,游戏,单机游戏
2728123,抽风Crazy,https://space.bilibili.com/2728123,3548.5,1473086,1478,6376,游戏,单机游戏
50621949,OldBa1,https://space.bilibili.com/50621949,3552.4,1472482,1244,3613,游戏,手机游戏
386165680,奥地利的小胡,https://space.bilibili.com/386165680,3560.1,1469611,288,1743,美食,美食制作
398877923,哈利波特魔法觉醒,https://space.bilibili.com/398877923,3538.4,1468521,126,6,游戏,手机游戏
438880209,大胡子魏,https://space.bilibili.com/438880209,3556.5,1468083,354,1700,生活,日常
38067617,纪录片我去看世界,https://space.bilibili.com/38067617,3540.7,1467983,2244,1603,生活,日常
2223018,舞小喵,https://space.bilibili.com/2223018,3567,1466225,139,1086,舞蹈,明星舞蹈
206840230,科幻Fans布玛,https://space.bilibili.com/206840230,3547.5,1464513,1514,1926,影视,影视杂谈
404216060,准映,https://space.bilibili.com/404216060,3556,1463903,63,1352,动画,短片・手书・配音
429392011,天天鉴宝,https://space.bilibili.com/429392011,3544,1462157,3876,252,生活,日常
54256094,杰克大魔王jack,https://space.bilibili.com/54256094,3539.7,1461701,202,315,动画,短片・手书・配音
662609045,云社_,https://space.bilibili.com/662609045,3550.7,1461554,27,486,知识,人文历史
1265652806,明日方舟终末地,https://space.bilibili.com/1265652806,3546.3,1460286,2,,游戏,手机游戏
176256777,椒盐蛋,https://space.bilibili.com/176256777,3539.8,1458441,525,488,游戏,单机游戏
389088,KB呆又呆,https://space.bilibili.com/389088,3557.5,1456585,375,4344,游戏,单机游戏
198297,冰糖IO,https://space.bilibili.com/198297,3556.5,1455218,928,7048,动画,综合
28626598,有山先生,https://space.bilibili.com/28626598,3557.5,1455003,144,3455,知识,人文历史
73415355,GM的秘密基地,https://space.bilibili.com/73415355,3547.4,1454718,151,1030,生活,手工
680447,马里奥红叔,https://space.bilibili.com/680447,3549.4,1453933,1560,7178,游戏,单机游戏
298484,小狼XF,https://space.bilibili.com/298484,3545.4,1453817,768,3645,游戏,手机游戏
219683419,演员陆二喜,https://space.bilibili.com/219683419,3545.8,1453468,36,133,生活,搞笑
677865752,芜湖大司马,https://space.bilibili.com/677865752,3548,1452107,31,716,生活,日常
7817472,某声悠,https://space.bilibili.com/7817472,3546.1,1450920,938,1315,游戏,手机游戏
38294246,抖抖村,https://space.bilibili.com/38294246,3558.7,1449610,196,2889,生活,绘画
8469526,果蝇轰,https://space.bilibili.com/8469526,3555.1,1448995,530,2675,游戏,手机游戏
488609381,公考章晓铭,https://space.bilibili.com/488609381,3540.4,1447712,347,1440,知识,职业职场
213845897,天才简史,https://space.bilibili.com/213845897,3544.3,1447423,286,585,知识,人文历史
11616487,绝不早到小吱吱,https://space.bilibili.com/11616487,3546,1444151,168,2656,生活,搞笑
501183549,知日酱,https://space.bilibili.com/501183549,3558.4,1443913,184,705,生活,日常
1654470,席拉瑞丝,https://space.bilibili.com/1654470,3554.5,1442852,258,2487,生活,日常
12855005,柿子菌meow,https://space.bilibili.com/12855005,3540.9,1441238,1045,1891,动物圈,喵星人
37291782,某布君,https://space.bilibili.com/37291782,3550.6,1439930,110,1021,生活,搞笑
16720403,pcyxjy,https://space.bilibili.com/16720403,3637.8,1438265,9309,480,音乐,音乐现场
452606628,王师傅和小毛毛,https://space.bilibili.com/452606628,3573.9,1438002,242,4322,美食,美食侦探
31599940,洛舟止,https://space.bilibili.com/31599940,3542.6,1434217,134,1004,游戏,单机游戏
197098,菠萝赛东°,https://space.bilibili.com/197098,3543.8,1433559,96,2586,生活,搞笑
1968595,鹦鹉梨,https://space.bilibili.com/1968595,3550.3,1431419,227,937,时尚,服饰
8465957,乌鸦预告片,https://space.bilibili.com/8465957,3558.1,1430613,3181,480,影视,预告・资讯
14751040,怒九笑,https://space.bilibili.com/14751040,3548.6,1429813,118,2126,动画,短片・手书・配音
15385187,兔总裁s,https://space.bilibili.com/15385187,3561.3,1429702,157,1189,舞蹈,明星舞蹈
174070934,无敌皮皮鸟,https://space.bilibili.com/174070934,3543.5,1429307,622,652,游戏,电子竞技
21330948,隔壁班的喵会长,https://space.bilibili.com/21330948,3552.6,1428164,128,3310,生活,搞笑
97177641,混乱博物馆,https://space.bilibili.com/97177641,3544.3,1424360,337,4113,知识,科学科普
327757321,摸鱼事务所,https://space.bilibili.com/327757321,3547.2,1419268,298,4206,生活,搞笑
18706318,龙女之声,https://space.bilibili.com/18706318,3572,1419179,188,2906,知识,科学科普
519253600,火柴人AlanBecker,https://space.bilibili.com/519253600,3544.3,1418221,155,755,动画,短片・手书・配音
3116281,钢铁直男必老板,https://space.bilibili.com/3116281,3561.5,1416479,157,3488,生活,日常
257975429,十音Shiyin,https://space.bilibili.com/257975429,3557.4,1414222,187,1753,时尚,服饰
7212583,设计师深海,https://space.bilibili.com/7212583,3547.5,1412672,92,114,知识,设计・创意
314791153,面筋哥-程书林,https://space.bilibili.com/314791153,3546.3,1411203,334,3885,生活,日常
9728698,祁么么mo,https://space.bilibili.com/9728698,3542.6,1410712,458,1025,生活,手工
102999485,华为终端,https://space.bilibili.com/102999485,3549.5,1410295,972,,科技,数码
331588431,Cat-God猫神教主,https://space.bilibili.com/331588431,3542,1409469,193,534,动画,综合
58852835,牛叔万岁万岁万万岁,https://space.bilibili.com/58852835,3551.7,1409398,848,4126,影视,影视杂谈
431886272,Excel自学成才,https://space.bilibili.com/431886272,3541.3,1407788,460,75,知识,职业职场
473519710,steam情报局,https://space.bilibili.com/473519710,3542,1407160,891,985,游戏,单机游戏
234579272,陶白白Sensei,https://space.bilibili.com/234579272,3543.9,1405321,784,489,生活,日常
34044873,草莓味鸡胸肉,https://space.bilibili.com/34044873,3553.6,1403354,1165,65,时尚,健身
574115689,自由大野猪,https://space.bilibili.com/574115689,3542.4,1403232,1753,1527,游戏,手机游戏
1020040160,永琪吗,https://space.bilibili.com/1020040160,3540.3,1402579,83,315,生活,搞笑
6989655,马鹿blyat,https://space.bilibili.com/6989655,3544.6,1402245,91,249,科技,数码
364888155,章余飞不是章鱼飞,https://space.bilibili.com/364888155,3543.6,1398763,362,575,美食,美食侦探
617394761,米雷-RayDog,https://space.bilibili.com/617394761,3541.5,1397914,156,336,生活,绘画
2435767,四月是我的生日,https://space.bilibili.com/2435767,3555.3,1396515,87,1629,知识,人文历史
12816241,托马斯家的,https://space.bilibili.com/12816241,3543.1,1395340,119,1443,生活,日常
22089099,手艺贾,https://space.bilibili.com/22089099,3540.8,1392930,425,367,生活,搞笑
17075276,妮可蹦蹦,https://space.bilibili.com/17075276,3553.1,1392534,168,500,时尚,美妆
8784855,--圈圈--,https://space.bilibili.com/8784855,3544.8,1385878,328,1180,游戏,单机游戏
63486758,范李猿,https://space.bilibili.com/63486758,3550.8,1385078,142,519,生活,日常
14890801,大炒面制造者Cen,https://space.bilibili.com/14890801,3542,1384523,647,3481,游戏,单机游戏
1618410357,吃不饱仨战士,https://space.bilibili.com/1618410357,3536,1383385,95,23,美食,美食侦探
406745134,阿银哦哦,https://space.bilibili.com/406745134,3563.9,1382675,334,2084,生活,搞笑
2733216,中二少年晓凯,https://space.bilibili.com/2733216,3553.1,1382658,397,2605,动画,综合
1918296,丰兄来了,https://space.bilibili.com/1918296,3556.1,1381021,195,832,动画,综合
91542133,邪神_Karasu_,https://space.bilibili.com/91542133,3538.2,1377505,2717,596,游戏,电子竞技
226102317,蒲熠星,https://space.bilibili.com/226102317,3554.4,1376650,192,3389,游戏,单机游戏
43219807,毒舌的南瓜,https://space.bilibili.com/43219807,3552.4,1376109,135,1309,知识,人文历史
415479453,主厨农国栋,https://space.bilibili.com/415479453,3571,1375781,957,2124,美食,美食制作
328303954,梢昂胫_nZk,https://space.bilibili.com/328303954,3576.9,1373908,46,,音乐,音乐现场
170088482,炎辰大鸽子,https://space.bilibili.com/170088482,3539.7,1372700,165,318,游戏,单机游戏
237311595,BBGG丶狮子喵,https://space.bilibili.com/237311595,3536.9,1370559,464,2619,游戏,电子竞技
514019783,武当陈师行,https://space.bilibili.com/514019783,3541.2,1368923,305,476,生活,运动
75547577,心灵侦探明柏辰,https://space.bilibili.com/75547577,3552.3,1366790,182,638,生活,搞笑
14082,山新,https://space.bilibili.com/14082,3549.3,1366112,42,1549,生活,搞笑
257851644,RNG电子竞技俱乐部,https://space.bilibili.com/257851644,3544.4,1363095,382,4295,游戏,电子竞技
638816489,英大吉,https://space.bilibili.com/638816489,3544.8,1361721,188,1398,知识,人文历史
64925986,大佬甜er,https://space.bilibili.com/64925986,3556.1,1361072,314,377,时尚,美妆
94336414,清华数学系坑老师,https://space.bilibili.com/94336414,3549.5,1360852,729,2076,知识,校园学习
1740850,满汉全席音乐团队,https://space.bilibili.com/1740850,3547.3,1360821,116,5641,音乐,翻唱
291042076,水果医生,https://space.bilibili.com/291042076,3541.3,1360724,283,,知识,科学科普
5581898,飞碟说,https://space.bilibili.com/5581898,3546,1357137,1403,552,知识,科学科普
434346657,北京大学,https://space.bilibili.com/434346657,3542.9,1355822,635,268,生活,日常
32708543,大家的音乐姬,https://space.bilibili.com/32708543,3624.6,1354241,705,51,音乐,MV
35365327,bilibiliGoods,https://space.bilibili.com/35365327,3542.5,1353836,58,99,生活,日常
350632501,在下小苏,https://space.bilibili.com/350632501,3549.1,1352538,325,1415,生活,日常
12807175,法老爷爷,https://space.bilibili.com/12807175,3558,1351007,23,,音乐,MV
32741563,非人哉工作室,https://space.bilibili.com/32741563,3560.9,1349755,862,548,国创,资讯
403943112,这知识好冷,https://space.bilibili.com/403943112,3544.1,1349321,431,318,知识,科学科普
316568752,马督工,https://space.bilibili.com/316568752,3563.1,1347813,395,18231,知识,社科・法律・心理
324529831,朝烟今天唱歌了没,https://space.bilibili.com/324529831,3557.2,1345988,65,1925,音乐,翻唱
203708804,肌肉山山,https://space.bilibili.com/203708804,3545.6,1345199,336,1169,生活,搞笑
411379495,吴彦祖秃顶版,https://space.bilibili.com/411379495,3542.5,1344177,202,83,时尚,健身
107486042,花二Strange,https://space.bilibili.com/107486042,3564.3,1342916,365,1901,美食,美食测评
30625977,KatAndSid,https://space.bilibili.com/30625977,3545.9,1342182,389,2951,生活,搞笑
18020792,易烫YCC,https://space.bilibili.com/18020792,3553.9,1340849,378,152,时尚,美妆
212630840,卡琳娜和揉西,https://space.bilibili.com/212630840,3547.1,1340817,222,322,生活,日常
67907025,猴博士爱讲课,https://space.bilibili.com/67907025,3536.3,1340416,47,1914,知识,校园学习
9321359,FUN科技,https://space.bilibili.com/9321359,3547.7,1340223,522,1206,科技,数码
19750237,美食台,https://space.bilibili.com/19750237,3559.9,1339377,1904,100,美食,美食制作
330663625,站不起来的蒙蒙,https://space.bilibili.com/330663625,3540.8,1338834,103,990,生活,搞笑
455557356,铁牛杰哥官方频道,https://space.bilibili.com/455557356,3544.4,1338342,217,261,生活,日常
13934589,嗨氏丶,https://space.bilibili.com/13934589,3554.2,1335357,5128,9833,游戏,电子竞技
18343134,林小北Lindo,https://space.bilibili.com/18343134,3545.3,1334583,304,1102,游戏,电子竞技
471723540,一块电鹿板,https://space.bilibili.com/471723540,3550.8,1334280,171,2195,动画,综合
1775966996,Vox_EN_Official,https://space.bilibili.com/1775966996,3557.8,1333729,28,,动画,综合
480366389,嘏的冷风,https://space.bilibili.com/480366389,3580.6,1332139,220,49417,生活,日常
908383,撸大师-木源,https://space.bilibili.com/908383,3547.4,1331691,97,635,生活,绘画
103416759,马克Sparrow,https://space.bilibili.com/103416759,3540.4,1331456,286,913,游戏,单机游戏
80304,亚食人,https://space.bilibili.com/80304,3549.2,1330917,360,3156,游戏,网络游戏
67141,C酱です,https://space.bilibili.com/67141,3548.4,1327756,175,7140,游戏,单机游戏
24301201,马蹄厨房,https://space.bilibili.com/24301201,3554,1325536,199,810,美食,美食制作
5632230,罗小黑战记,https://space.bilibili.com/5632230,3551,1321654,50,5434,国创,资讯
13221028,迷茫小树叶,https://space.bilibili.com/13221028,3545,1319250,115,1233,游戏,电子竞技
14897804,宴宁ccccc,https://space.bilibili.com/14897804,3546.1,1317575,59,1955,生活,其他
349092963,沈奕斐,https://space.bilibili.com/349092963,3556.2,1315696,162,429,知识,社科・法律・心理
3386870,轩邈Elias,https://space.bilibili.com/3386870,3560.2,1315494,365,437,影视,影视杂谈
492459544,不良博士,https://space.bilibili.com/492459544,3548.5,1314445,366,622,知识,社科・法律・心理
35847683,峰哥亡命天涯,https://space.bilibili.com/35847683,3545.2,1314392,452,2146,生活,日常
1962633,吉原悠一_yui,https://space.bilibili.com/1962633,3547.3,1314229,226,2215,生活,搞笑
28330240,叶无趣,https://space.bilibili.com/28330240,3551.1,1314195,213,565,生活,绘画
382986457,结巴老爹,https://space.bilibili.com/382986457,3560.3,1312654,594,3364,美食,美食侦探
427494870,硬核拆解,https://space.bilibili.com/427494870,3541.4,1311891,803,587,知识,野生技能协会
270355850,何止电影,https://space.bilibili.com/270355850,3551.3,1311839,435,1598,影视,影视杂谈
1601895109,shoto_official,https://space.bilibili.com/1601895109,3562.5,1311177,20,,动画,综合
27717433,原野郎中,https://space.bilibili.com/27717433,3539.9,1309727,106,3449,游戏,单机游戏
624757844,一只大哈鱼,https://space.bilibili.com/624757844,3551,1309364,111,3589,游戏,单机游戏
355596637,一鹿有车,https://space.bilibili.com/355596637,3545.9,1309220,376,762,生活,汽车生活
16351122,比比比目鱼,https://space.bilibili.com/16351122,3550.5,1307217,250,1636,生活,绘画
421912906,天下一场梦,https://space.bilibili.com/421912906,3538.9,1303242,1137,4860,动物圈,动物综合
351899011,联想拯救者官方,https://space.bilibili.com/351899011,3542.2,1302373,448,485,科技,数码
24490535,勾手老大爷邓肯,https://space.bilibili.com/24490535,3543.9,1297856,307,1605,知识,人文历史
13904634,我是TOO,https://space.bilibili.com/13904634,3545.2,1296022,683,1072,游戏,电子竞技
315898473,星悦小美女PKU,https://space.bilibili.com/315898473,3543,1294954,115,656,生活,日常
22344481,一花啦啦啦,https://space.bilibili.com/22344481,3549.8,1294563,261,370,时尚,美妆
893053,夏一可,https://space.bilibili.com/893053,3542.5,1293160,403,3423,游戏,网络游戏
259333,矮乐多Aliga,https://space.bilibili.com/259333,3568.9,1292518,237,6476,舞蹈,宅舞
7875104,千户长生,https://space.bilibili.com/7875104,3556.3,1289772,348,2668,时尚,美妆
249115678,好运的鱼,https://space.bilibili.com/249115678,3541.1,1289176,103,602,游戏,单机游戏
351914826,中国火箭军,https://space.bilibili.com/351914826,3546.1,1289044,1290,1361,资讯,综合
323024456,雨琪在芬兰,https://space.bilibili.com/323024456,3548.5,1289009,297,2335,美食,美食记录
178690106,搞机所,https://space.bilibili.com/178690106,3541.6,1287937,339,632,科技,数码
11498155,安森,https://space.bilibili.com/11498155,3543.5,1286725,172,240,知识,人文历史
4537274,lana酱好纠结,https://space.bilibili.com/4537274,3597.5,1285459,4697,788,舞蹈,街舞
488009671,千雅折一湖Official,https://space.bilibili.com/488009671,3540.9,1283571,617,2254,生活,日常
10040906,四季萌芽,https://space.bilibili.com/10040906,3543.5,1279632,94,2283,动画,
19696996,小猪姐姐zzreal,https://space.bilibili.com/19696996,3546.7,1278024,323,,时尚,美妆
85318798,李玉刚,https://space.bilibili.com/85318798,3575.9,1277339,93,,音乐,MV
35789774,轩子老师,https://space.bilibili.com/35789774,3538,1276415,236,1918,生活,日常
5055,小缘,https://space.bilibili.com/5055,3580.8,1276238,298,1276,音乐,翻唱
175861153,梨涡少女-mini,https://space.bilibili.com/175861153,3541.3,1275783,329,671,美食,美食记录
1022925768,semkavkvadrate街拍,https://space.bilibili.com/1022925768,3543.1,1275152,77,41,时尚,T台
335692980,百万剪辑狮,https://space.bilibili.com/335692980,3570.6,1273609,90,829,影视,影视剪辑
247743458,呆妹儿小霸王,https://space.bilibili.com/247743458,3538,1273194,604,358,生活,搞笑
12444306,pandapia,https://space.bilibili.com/12444306,3540.7,1273030,1926,1941,动物圈,大熊猫
1458143131,侯翠翠,https://space.bilibili.com/1458143131,3537.4,1272573,93,1346,生活,日常
6272357,o小庄o,https://space.bilibili.com/6272357,3556,1271740,235,1408,时尚,美妆
50426155,王大境泽,https://space.bilibili.com/50426155,3538,1270530,43,240,生活,日常
65764710,草莓味の喵喵酱,https://space.bilibili.com/65764710,3543,1270167,328,1986,游戏,单机游戏
1951038,哦漏QAQ,https://space.bilibili.com/1951038,3591.4,1269155,261,,音乐,翻唱
732364,腾讯动漫,https://space.bilibili.com/732364,3618.8,1267733,2192,551,国创,资讯
1813173223,王七叶-,https://space.bilibili.com/1813173223,3536.3,1267687,66,,生活,搞笑
5771902,波靖仔,https://space.bilibili.com/5771902,3556.7,1267664,377,508,美食,美食测评
170801610,野球帝,https://space.bilibili.com/170801610,3538.1,1266615,862,285,运动,篮球・足球
28822227,橙心资讯,https://space.bilibili.com/28822227,3547.3,1266336,1729,6023,动画,综合
303740257,牛顿顿顿,https://space.bilibili.com/303740257,3548.4,1264864,233,502,知识,社科・法律・心理
1526101,泡芙喵-PuFF,https://space.bilibili.com/1526101,3559.9,1261629,123,2494,舞蹈,明星舞蹈
8549577,机智的Kason,https://space.bilibili.com/8549577,3546.9,1259840,20,354,生活,手工
19738891,一米八的坤儿,https://space.bilibili.com/19738891,3540.8,1259744,355,2517,游戏,网络游戏
97077404,留学生日报,https://space.bilibili.com/97077404,3551.6,1258526,657,1273,资讯,环球
478691043,穿毛裤的小拉泽,https://space.bilibili.com/478691043,3544.2,1258176,286,558,美食,美食测评
7596516,酒客小丑,https://space.bilibili.com/7596516,3548.2,1255323,257,2384,动画,综合
332432527,彭酱酱LINYA,https://space.bilibili.com/332432527,3543.2,1253610,197,1262,生活,日常
34279833,菜菜美食日记,https://space.bilibili.com/34279833,3550.6,1252626,534,936,美食,美食制作
1543732,南云鸟羽,https://space.bilibili.com/1543732,3542.5,1249600,55,2420,游戏,单机游戏
28266043,附魔星Fms,https://space.bilibili.com/28266043,3545.4,1247536,105,3050,游戏,单机游戏
5293668,齐天大肾余潇洒,https://space.bilibili.com/5293668,3588.1,1247235,109,9220,国创,国产原创相关
653768,赫箩的苹果,https://space.bilibili.com/653768,3545.6,1245956,1522,2407,游戏,手机游戏
111363591,天名大可爱,https://space.bilibili.com/111363591,3544.7,1245712,54,1332,游戏,单机游戏
676513039,WASU的纸偶,https://space.bilibili.com/676513039,3542.5,1245063,188,210,动画,综合
3985676,扶桑大红花丶,https://space.bilibili.com/3985676,3551.4,1244941,188,3255,动画,短片・手书・配音
302417610,尚硅谷,https://space.bilibili.com/302417610,3546.3,1244098,328,5032,科技,计算机技术
457718798,主持人yoyo酱,https://space.bilibili.com/457718798,3535.9,1243486,66,76,生活,搞笑
611693868,我的爸爸是条龙哦,https://space.bilibili.com/611693868,3537.3,1241411,156,395,动画,短片・手书・配音
1848018,Ksr桑,https://space.bilibili.com/1848018,3553,1241407,459,1078,生活,绘画
451296298,我是不白吃,https://space.bilibili.com/451296298,3543.4,1241320,553,105,国创,国产动画
7295246,JKAI杰凯,https://space.bilibili.com/7295246,3603.6,1240690,421,1240,音乐,翻唱
142371069,米国脱口秀,https://space.bilibili.com/142371069,3547.6,1239890,468,49,娱乐,综艺
357261525,安迪视频,https://space.bilibili.com/357261525,3543,1238104,844,5169,动画,综合
15080107,非正式会谈,https://space.bilibili.com/15080107,3572.3,1237736,2156,4115,娱乐,综艺
38157763,艺能人金广发,https://space.bilibili.com/38157763,3539.7,1236663,739,906,生活,搞笑
526559715,陈平眉山论剑,https://space.bilibili.com/526559715,3551.4,1236583,146,1335,知识,社科・法律・心理
104853743,忘川又下饭啦,https://space.bilibili.com/104853743,3536.2,1236019,58,,游戏,电子竞技
90142376,锦书致南辞,https://space.bilibili.com/90142376,3560.7,1234368,312,877,生活,搞笑
3334737,愉悦的hehe11,https://space.bilibili.com/3334737,3540.2,1234012,136,838,游戏,单机游戏
2350559,菌烨tako,https://space.bilibili.com/2350559,3540.2,1232780,84,939,生活,其他
1455861172,剑客范十三,https://space.bilibili.com/1455861172,3536.8,1232396,181,166,生活,运动
480680646,阿萨Aza,https://space.bilibili.com/480680646,3563.1,1232273,424,4140,动画,综合
364654971,中国国家地理频道,https://space.bilibili.com/364654971,3538.4,1230380,118,80,生活,日常
382193067,巫托邦,https://space.bilibili.com/382193067,3566.1,1228829,189,5480,美食,美食制作
452161580,金灿荣频道,https://space.bilibili.com/452161580,3542.5,1227277,267,528,资讯,热点
410964,胖雪人Ozu,https://space.bilibili.com/410964,3549.8,1225623,156,877,生活,搞笑
517184570,画渣不渣-HZ,https://space.bilibili.com/517184570,3542.2,1224711,95,93,生活,绘画
490505561,郑郑得证,https://space.bilibili.com/490505561,3538.4,1222117,467,1134,知识,社科・法律・心理
267685040,不齐舞团,https://space.bilibili.com/267685040,3551.8,1221459,374,384,舞蹈,舞蹈综合
698029620,兰音Reine,https://space.bilibili.com/698029620,3549.4,1220776,263,2321,音乐,翻唱
323194278,河南共青团,https://space.bilibili.com/323194278,3548.3,1220718,314,1946,资讯,热点
391774002,NASA宇宙,https://space.bilibili.com/391774002,3539.2,1220610,881,158,知识,科学科普
216623621,吃货明3,https://space.bilibili.com/216623621,3548.7,1218439,862,1667,美食,美食测评
523085457,不更新A,https://space.bilibili.com/523085457,3545.3,1218270,73,4828,游戏,单机游戏
320818292,窝头是个暴脾气,https://space.bilibili.com/320818292,3560.6,1216808,234,732,美食,美食制作
507521207,矢野浩二,https://space.bilibili.com/507521207,3563.2,1216767,145,472,娱乐,明星
60509716,一个爱吃的猪,https://space.bilibili.com/60509716,3566.5,1216321,620,603,知识,人文历史
93876791,魔王大人帅帅帅ii,https://space.bilibili.com/93876791,3535.5,1211047,31,1472,生活,日常
92568184,福乐小哥,https://space.bilibili.com/92568184,3549.6,1210973,258,908,生活,日常
646730844,雷军,https://space.bilibili.com/646730844,3541,1210857,35,,生活,日常
39915398,MrYang杨家成,https://space.bilibili.com/39915398,3542.5,1208690,505,425,生活,日常
2192108,王思妇丶,https://space.bilibili.com/2192108,3585.9,1207107,370,2904,鬼畜,鬼畜调教
872507,SCP基金会中国,https://space.bilibili.com/872507,3543.5,1205950,14,226,知识,人文历史
253350665,大聪看电影,https://space.bilibili.com/253350665,3552.5,1205189,492,1653,影视,影视杂谈
483787858,环球网,https://space.bilibili.com/483787858,3541.4,1204929,13512,408,资讯,环球
355327690,珍大户,https://space.bilibili.com/355327690,3550.9,1203983,113,586,知识,财经商业
395936853,了不起的八万二饼,https://space.bilibili.com/395936853,3561.6,1202248,407,5976,美食,美食制作
11264229,萝王2号,https://space.bilibili.com/11264229,3546.9,1199684,382,1967,知识,科学科普
245742750,陈一丁Dingslook,https://space.bilibili.com/245742750,3544.2,1198149,206,191,时尚,美妆
75912367,陈吃饭_,https://space.bilibili.com/75912367,3555,1198112,223,598,时尚,美妆
22121599,纪录片之家字幕组,https://space.bilibili.com/22121599,3549.1,1197825,1503,662,知识,科学科普
11491546,猫耳FM,https://space.bilibili.com/11491546,3583.4,1197780,875,,国创,动态漫・广播剧
27959806,洛丽塔大哥lolita,https://space.bilibili.com/27959806,3540.4,1197523,238,892,生活,日常
643873396,平安小财娘,https://space.bilibili.com/643873396,3539.4,1197361,107,314,生活,搞笑
25422790,红色激情,https://space.bilibili.com/25422790,3606.2,1196577,181,2946,鬼畜,人力VOCALOID
8034163,浅澄月,https://space.bilibili.com/8034163,3580,1196444,286,2692,鬼畜,鬼畜剧场
481393564,钉钉DingTalk,https://space.bilibili.com/481393564,3557.5,1195091,169,54,生活,搞笑
101229184,滇西小哥,https://space.bilibili.com/101229184,3554.1,1194662,323,2649,美食,田园美食
8491103,轩墨宝宝,https://space.bilibili.com/8491103,3537.3,1194529,87,752,生活,搞笑
451618887,艺术家阿克曼,https://space.bilibili.com/451618887,3541.8,1193777,2233,2296,游戏,电子竞技
605544858,矮油王老六,https://space.bilibili.com/605544858,3545.5,1192586,34,366,生活,搞笑
719238,谷谷永不咕咕,https://space.bilibili.com/719238,3545.2,1191430,137,448,动画,短片・手书・配音
1449165774,宝鲁日GO,https://space.bilibili.com/1449165774,3538.1,1188019,68,11,美食,美食制作
6534506,笑cry的小仙爷,https://space.bilibili.com/6534506,3545.7,1187033,165,858,时尚,美妆
26253404,小豆蔻儿,https://space.bilibili.com/26253404,3553.7,1186177,368,1165,时尚,服饰
437744340,CSGO久菜合子,https://space.bilibili.com/437744340,3537.1,1185255,212,3348,游戏,电子竞技
25782796,深夜徐老师,https://space.bilibili.com/25782796,3546.6,1184965,331,113,时尚,美妆
2742391,Free高考英语,https://space.bilibili.com/2742391,3540.6,1184696,644,2323,知识,校园学习
7655977,十二礼,https://space.bilibili.com/7655977,3541.5,1182608,131,980,生活,日常
403748305,BML制作指挥部,https://space.bilibili.com/403748305,3607.3,1181240,346,,音乐,音乐现场
182481858,唐尼是个der,https://space.bilibili.com/182481858,3534.7,1180200,279,248,美食,美食测评
439868658,五菱汽车,https://space.bilibili.com/439868658,3537.7,1178783,236,97,汽车,汽车生活
348640514,千万不要买,https://space.bilibili.com/348640514,3539.2,1177937,662,209,科技,数码
412504829,文韬Stefan,https://space.bilibili.com/412504829,3551.6,1177729,125,1878,游戏,单机游戏
36046546,时空小涵,https://space.bilibili.com/36046546,3538.9,1177698,280,1402,游戏,单机游戏
144709395,小南QAQ,https://space.bilibili.com/144709395,3536.1,1176635,213,615,游戏,电子竞技
12820125,钱丢丢-,https://space.bilibili.com/12820125,3545,1173452,363,1407,知识,人文历史
7458285,爱否科技FView,https://space.bilibili.com/7458285,3549.2,1172790,368,5103,科技,数码
32606879,果子哥哥工作室,https://space.bilibili.com/32606879,3545.5,1172570,551,837,生活,搞笑
13826185,田逾欢sirius,https://space.bilibili.com/13826185,3550.9,1171099,412,493,时尚,美妆
4831263,黑猫大少爷,https://space.bilibili.com/4831263,3539.2,1170467,159,1562,游戏,单机游戏
28278842,仲尼Johnny777,https://space.bilibili.com/28278842,3547.7,1169907,225,814,生活,日常
395931838,虎牙赖神,https://space.bilibili.com/395931838,3535.7,1167524,501,61,游戏,电子竞技
138894648,大天搞笑配音,https://space.bilibili.com/138894648,3540.5,1165323,990,898,生活,搞笑
522383007,赵露思,https://space.bilibili.com/522383007,3545.2,1163749,38,,娱乐,明星
24314825,猫店,https://space.bilibili.com/24314825,3571.4,1161797,153,949,鬼畜,鬼畜调教
545795620,能量君andy,https://space.bilibili.com/545795620,3540.7,1161121,462,365,生活,日常
158119101,远古黑金,https://space.bilibili.com/158119101,3550.5,1160007,73,1986,动画,短片・手书・配音
336571870,小叮当的一家,https://space.bilibili.com/336571870,3535.3,1159163,71,58,生活,搞笑
254535526,混知,https://space.bilibili.com/254535526,3536.1,1158887,209,,知识,人文历史
185546,小可儿,https://space.bilibili.com/185546,3551.9,1158564,84,3309,音乐,翻唱
344849038,YJango,https://space.bilibili.com/344849038,3553.6,1156556,55,5699,知识,校园学习
7481602,安州牧,https://space.bilibili.com/7481602,3547.3,1155806,220,4124,知识,人文历史
2177677,出格字幕组,https://space.bilibili.com/2177677,3538.9,1155581,492,3212,动画,短片・手书・配音
351477766,是当归哦,https://space.bilibili.com/351477766,3542.4,1154788,229,938,生活,日常
3186399,月影Yancie,https://space.bilibili.com/3186399,3542.2,1154338,83,3671,游戏,单机游戏
7956629,大胖和软软,https://space.bilibili.com/7956629,3550.9,1153882,876,793,美食,美食测评
406871371,捏碳碳碳碳,https://space.bilibili.com/406871371,3542.3,1152262,118,908,动画,短片・手书・配音
543931452,古呀老师,https://space.bilibili.com/543931452,3544.5,1152130,119,741,生活,搞笑
504934876,渤海小吏,https://space.bilibili.com/504934876,3557,1151802,19,1182,知识,人文历史
504648459,贫穷料理,https://space.bilibili.com/504648459,3542.6,1151442,284,99,美食,美食制作
1629347259,红警HBK08,https://space.bilibili.com/1629347259,3537.2,1151189,1693,33721,游戏,单机游戏
5260378,白勺啊达,https://space.bilibili.com/5260378,3564.7,1150141,226,743,鬼畜,人力VOCALOID
8372353,大米评测,https://space.bilibili.com/8372353,3545.9,1149374,420,4086,科技,数码
20706631,淮秀帮,https://space.bilibili.com/20706631,3545.4,1149050,398,431,生活,搞笑
20603745,其人,https://space.bilibili.com/20603745,3546,1148800,110,1341,动画,短片・手书・配音
35304890,吃鸡陪玩酱,https://space.bilibili.com/35304890,3537.2,1148608,633,853,游戏,网络游戏
9303228,江湖举人,https://space.bilibili.com/9303228,3551.6,1148137,224,1131,知识,人文历史
37199377,沧桑丸,https://space.bilibili.com/37199377,3543,1147745,95,1087,游戏,单机游戏
594534726,LPL战术小黑板,https://space.bilibili.com/594534726,3540.6,1147332,528,1596,游戏,电子竞技
390898500,一目十影,https://space.bilibili.com/390898500,3540.1,1145636,310,486,影视,影视杂谈
361775100,怪力老陈,https://space.bilibili.com/361775100,3548.9,1144367,268,614,时尚,服饰
8365699,郭本尼,https://space.bilibili.com/8365699,3568.4,1144046,223,719,娱乐,综艺
249608727,杨可爱Ukulele,https://space.bilibili.com/249608727,3604.2,1143496,149,2879,音乐,翻唱
11799651,利利川,https://space.bilibili.com/11799651,3544.8,1143172,180,409,知识,人文历史
335850246,玉渊谭天,https://space.bilibili.com/335850246,3540.9,1141507,182,476,资讯,热点
14068111,黝黑蜗壳天眼老师,https://space.bilibili.com/14068111,3549.9,1137575,157,656,动画,综合
283753310,notyour_kei,https://space.bilibili.com/283753310,3547.2,1136261,138,1398,生活,日常
488779255,动漫作业本,https://space.bilibili.com/488779255,3536.8,1136105,480,1908,动画,综合
55775966,音阙诗听,https://space.bilibili.com/55775966,3559.9,1135075,153,971,音乐,原创音乐
291415305,杂乱无章MessUp,https://space.bilibili.com/291415305,3545.7,1134729,150,335,动画,短片・手书・配音
37349250,咸鱼_栗,https://space.bilibili.com/37349250,3548.7,1134339,209,1024,音乐,演奏
412058684,小帅家的大狼狗们,https://space.bilibili.com/412058684,3534.2,1133810,682,69,生活,动物综合
152015773,瘦不了猫,https://space.bilibili.com/152015773,3562,1132435,91,275,时尚,健身
13677047,Piano莱特,https://space.bilibili.com/13677047,3558,1131787,418,407,音乐,演奏
27899754,贪玩歌姬小宁子,https://space.bilibili.com/27899754,3541.2,1130449,233,4647,游戏,单机游戏
75,丸子,https://space.bilibili.com/75,3546.7,1130322,1448,25111,游戏,手机游戏
404439515,原神百晓生,https://space.bilibili.com/404439515,3539.4,1130208,1516,432,游戏,手机游戏
96070394,推背兔の,https://space.bilibili.com/96070394,3592.7,1130095,225,902,鬼畜,鬼畜剧场
72209046,央视纪录,https://space.bilibili.com/72209046,3538.7,1129414,1717,,纪录片,人文・历史
526106597,考研英语田静,https://space.bilibili.com/526106597,3534.7,1128765,786,135,知识,校园学习
431615976,聂小倩她老板,https://space.bilibili.com/431615976,3545.8,1128357,477,316,时尚,美妆
4379633,李青仪,https://space.bilibili.com/4379633,3552,1127733,82,852,生活,绘画
477631979,vansamaofficial,https://space.bilibili.com/477631979,3550.4,1127224,238,5427,生活,日常
236711132,大师的菜,https://space.bilibili.com/236711132,3544.1,1127023,551,583,美食,美食制作
8580411,翼下之风动漫,https://space.bilibili.com/8580411,3556.1,1126892,226,,国创,国产原创相关
525952604,柯洁,https://space.bilibili.com/525952604,3536.4,1126733,29,1370,游戏,桌游棋牌
1447574,洛少爷,https://space.bilibili.com/1447574,3580.9,1123566,271,5449,音乐,翻唱
515155585,新华社快看,https://space.bilibili.com/515155585,3543,1123180,4641,358,资讯,热点
174890586,魔鬼厨房DK,https://space.bilibili.com/174890586,3536.4,1122966,458,273,美食,美食制作
33488229,扁豆看电影,https://space.bilibili.com/33488229,3542.2,1121085,337,839,影视,影视杂谈
415403269,internet-boy,https://space.bilibili.com/415403269,3558.1,1120826,5050,193,生活,日常
87721937,元气骑士,https://space.bilibili.com/87721937,3534.5,1120688,74,45,游戏,手机游戏
7223194,林簌SUSU,https://space.bilibili.com/7223194,3545,1120325,258,888,生活,日常
688379639,考研数学武忠祥老师,https://space.bilibili.com/688379639,3537.7,1120237,992,,知识,校园学习
231896831,领克汽车,https://space.bilibili.com/231896831,3532,1119933,306,98,生活,日常
51031539,陈大白,https://space.bilibili.com/51031539,3535.2,1117448,1324,478,游戏,手机游戏
474595627,CSGO赛事菌,https://space.bilibili.com/474595627,3532.3,1117436,780,,游戏,电子竞技
508963009,HiiroVTuber,https://space.bilibili.com/508963009,3547.2,1117298,143,5861,动画,综合
85997303,池袋第一深情-,https://space.bilibili.com/85997303,3534,1116778,140,,生活,日常
378034,S小漫,https://space.bilibili.com/378034,3567.7,1116743,180,3478,舞蹈,宅舞
41637666,洛杉矶嬴政W,https://space.bilibili.com/41637666,3536.2,1116612,350,143,生活,日常
565157366,作文素材每日读,https://space.bilibili.com/565157366,3539.4,1114476,716,47,知识,校园学习
527145352,龙飞律师,https://space.bilibili.com/527145352,3534.4,1114288,572,,知识,社科・法律・心理
474390659,AlanWalker官方频道,https://space.bilibili.com/474390659,3548.4,1114073,66,,音乐,音乐综合
2522486,涛哥测评,https://space.bilibili.com/2522486,3536.7,1112967,580,537,动画,手办・模玩
384298638,浙江共青团,https://space.bilibili.com/384298638,3550.8,1111442,1488,679,资讯,社会
258844831,CCTV_国家宝藏,https://space.bilibili.com/258844831,3555.4,1109594,524,,娱乐,综艺
430969192,方锦龙,https://space.bilibili.com/430969192,3558.6,1108567,171,,娱乐,明星
544126329,国家大剧院,https://space.bilibili.com/544126329,3551.8,1107243,261,258,音乐,音乐现场
553425,拯救世界的狗子,https://space.bilibili.com/553425,3563.5,1106881,339,270,音乐,翻唱
16054375,自动鬼畜中的WZ,https://space.bilibili.com/16054375,3571.4,1105887,229,467,鬼畜,人力VOCALOID
444348914,稻草放毒,https://space.bilibili.com/444348914,3539.3,1104880,234,,美食,美食制作
14333871,吐嚎影院,https://space.bilibili.com/14333871,3544.3,1103499,310,3861,影视,影视杂谈
37880130,玩音乐的EZ,https://space.bilibili.com/37880130,3562.7,1101454,346,361,音乐,演奏
90920075,酷玩实验室,https://space.bilibili.com/90920075,3546.1,1100734,87,442,知识,财经商业
37746255,多拉的十九N,https://space.bilibili.com/37746255,3547.9,1099590,282,1016,美食,美食制作
46622315,老撕鸡,https://space.bilibili.com/46622315,3533.8,1096616,1355,552,游戏,手机游戏
1429723107,索尼中国,https://space.bilibili.com/1429723107,3537.1,1096593,504,135,科技,数码
324879,CRAZY262,https://space.bilibili.com/324879,3546.7,1096409,918,1524,知识,人文历史
492628109,尹正,https://space.bilibili.com/492628109,3550.8,1095589,42,23,娱乐,明星
395415494,熬一耶ye,https://space.bilibili.com/395415494,3538.1,1095366,213,135,生活,搞笑
3530725,陈抱一,https://space.bilibili.com/3530725,3544.6,1094835,201,2096,科技,数码
15782465,steam游戏资讯,https://space.bilibili.com/15782465,3535.2,1090252,793,136,游戏,单机游戏
304578055,Mr迷瞪,https://space.bilibili.com/304578055,3542.6,1088769,223,766,生活,家居房产
3040178,凌识啊,https://space.bilibili.com/3040178,3556,1088663,218,1005,游戏,单机游戏
578425533,往往老布,https://space.bilibili.com/578425533,3539.8,1088282,242,549,影视,短片
189866857,国防时报TV,https://space.bilibili.com/189866857,3548.7,1087071,4292,374,知识,社科・法律・心理
13337125,GoldenEggs,https://space.bilibili.com/13337125,3546.6,1086427,94,759,游戏,单机游戏
508959410,硬核奇点,https://space.bilibili.com/508959410,3540.5,1085737,47,312,知识,人文历史
353609978,撸sir兰陵君,https://space.bilibili.com/353609978,3537.8,1084567,374,1982,游戏,电子竞技
649661652,胖龙的小生活,https://space.bilibili.com/649661652,3547.2,1083925,783,3276,美食,美食记录
20457232,一只吐槽圆,https://space.bilibili.com/20457232,3548.3,1083291,201,198,娱乐,娱乐杂谈
451959062,阿超勇der,https://space.bilibili.com/451959062,3534.6,1079238,31,10,生活,日常
230926815,阿星and阿奇,https://space.bilibili.com/230926815,3534.5,1077475,144,73,生活,搞笑
2460656,银临,https://space.bilibili.com/2460656,3567.1,1077202,76,2911,音乐,原创音乐
41273726,一之濑asuka,https://space.bilibili.com/41273726,3543.4,1076380,299,1487,生活,日常
451645162,跑步的子章老师,https://space.bilibili.com/451645162,3548.8,1076296,241,373,时尚,健身
17364274,阿狗君啊,https://space.bilibili.com/17364274,3539.8,1075031,250,138,时尚,美妆
2063605,机智的碎月,https://space.bilibili.com/2063605,3537.6,1074785,155,397,生活,搞笑
489117797,C戈体态矫正,https://space.bilibili.com/489117797,3551.8,1072877,129,130,时尚,健身
216844,玩偶菌,https://space.bilibili.com/216844,3547.3,1071011,505,4363,动画,综合
1271916102,上将王司徒,https://space.bilibili.com/1271916102,3530.6,1070491,109,180,知识,科学科普
17603188,雷雨Lyy,https://space.bilibili.com/17603188,3539.6,1070099,828,3675,游戏,网络游戏
7375428,Tocci椭奇,https://space.bilibili.com/7375428,3556.1,1070083,130,2102,舞蹈,明星舞蹈
3816626,Linksphotograph,https://space.bilibili.com/3816626,3550,1067036,275,3484,科技,数码
699492406,梁永安,https://space.bilibili.com/699492406,3544.2,1066682,122,383,知识,社科・法律・心理
373103803,树林同学-,https://space.bilibili.com/373103803,3551,1066523,90,648,知识,校园学习
349888821,KleinerPixel,https://space.bilibili.com/349888821,3540.4,1065756,113,646,时尚,美妆
297344797,朵朵花林,https://space.bilibili.com/297344797,3546.7,1064804,111,428,时尚,美妆
1823466601,5天秒杀1万词,https://space.bilibili.com/1823466601,3529.6,1064512,9,343,知识,校园学习
