uid,up主昵称,B站地址,番茄指数,粉丝总数,掉粉数量,掉粉率,一级分类,二级分类
31220044,小贝饿了,https://space.bilibili.com/31220044,3459.4,2819445,-6505.0,-0.23%,美食,美食侦探
50121112,梦想家小瓜子,https://space.bilibili.com/50121112,3364.4,186794,-3322.0,-1.78%,游戏,电子竞技
3595470,萌萌哒老陈,https://space.bilibili.com/3595470,3372.5,207720,-3171.0,-1.53%,游戏,电子竞技
17561219,直播小喇叭,https://space.bilibili.com/17561219,3445.6,2956135,-3163.0,-0.11%,游戏,电子竞技
18149131,Overidea_China,https://space.bilibili.com/18149131,3466.2,896702,-3119.0,-0.35%,动画,综合
17561885,哔哩哔哩刀塔2赛事,https://space.bilibili.com/17561885,3429.9,887309,-2024.0,-0.23%,游戏,电子竞技
643873396,平安小财娘,https://space.bilibili.com/643873396,3440.5,1213877,-1535.0,-0.13%,生活,搞笑
178778949,英雄联盟,https://space.bilibili.com/178778949,3471.1,2889116,-1509.0,-0.05%,游戏,电子竞技
35365327,bilibiliGoods,https://space.bilibili.com/35365327,3443.5,1372445,-1503.0,-0.11%,生活,日常
10723250,木子鸽Muzi,https://space.bilibili.com/10723250,3393.9,285666,-1475.0,-0.52%,游戏,电子竞技
43389575,凤凰天使TSKS韩剧社官方账号,https://space.bilibili.com/43389575,3515.4,2536518,-1458.0,-0.06%,娱乐,综艺
489412051,哔哩哔哩晚会,https://space.bilibili.com/489412051,3569.1,6253380,-1433.0,-0.02%,娱乐,综艺
4641697,最强联盟,https://space.bilibili.com/4641697,3377.3,230433,-1350.0,-0.59%,游戏,电子竞技
50333369,哔哩哔哩守望先锋赛事,https://space.bilibili.com/50333369,3434.8,894665,-1332.0,-0.15%,游戏,电子竞技
466272,bili_466272,https://space.bilibili.com/466272,3523.5,4399247,-1291.0,-0.03%,生活,日常
439868658,五菱汽车,https://space.bilibili.com/439868658,3438.9,1198127,-1273.0,-0.11%,汽车,汽车生活
1429723107,索尼中国,https://space.bilibili.com/1429723107,3438.8,1109516,-1250.0,-0.11%,科技,数码
436494933,青野大魔王,https://space.bilibili.com/436494933,3383.2,243472,-1225.0,-0.50%,游戏,电子竞技
485092296,张三的传奇一生,https://space.bilibili.com/485092296,3461.9,2005654,-1196.0,-0.06%,知识,社科・法律・心理
508963009,HiiroVTuber,https://space.bilibili.com/508963009,3448.3,1117234,-1146.0,-0.10%,动画,综合
7706705,阿梓从小就很可爱,https://space.bilibili.com/7706705,3428.9,739746,-1142.0,-0.15%,生活,其他
398877923,哈利波特魔法觉醒,https://space.bilibili.com/398877923,3439.3,1475837,-1092.0,-0.07%,游戏,手机游戏
176037767,我是郭杰瑞,https://space.bilibili.com/176037767,3491.6,7040508,-1014.0,-0.01%,生活,日常
531236984,上汽集团MG名爵,https://space.bilibili.com/531236984,3380.8,257561,-1001.0,-0.39%,汽车,汽车生活
19577966,李子柒,https://space.bilibili.com/19577966,3502.5,7685466,-979.0,-0.01%,美食,田园美食
412415770,呆梦demo,https://space.bilibili.com/412415770,3355.6,177419,-955.0,-0.54%,游戏,电子竞技
381363592,陕西老乔吃货,https://space.bilibili.com/381363592,3429.5,619107,-953.0,-0.15%,美食,美食制作
6574487,纳豆奶奶,https://space.bilibili.com/6574487,3493.9,4194019,-948.0,-0.02%,生活,日常
384522533,杭州闪电队,https://space.bilibili.com/384522533,3400.7,315065,-947.0,-0.30%,游戏,电子竞技
35260261,神医RUI,https://space.bilibili.com/35260261,3367.5,161327,-931.0,-0.58%,游戏,电子竞技
612492134,司马南,https://space.bilibili.com/612492134,3457.8,2000291,-909.0,-0.05%,资讯,热点
481888304,Boki的搬运工,https://space.bilibili.com/481888304,3434.1,918263,-896.0,-0.10%,美食,美食记录
777536,LexBurner,https://space.bilibili.com/777536,3546.5,6189987,-846.0,-0.01%,动画,综合
404987905,ACG外观研究社,https://space.bilibili.com/404987905,3429.3,585884,-826.0,-0.14%,科技,数码
439605619,完美世界电竞频道一,https://space.bilibili.com/439605619,3382.8,260234,-824.0,-0.32%,游戏,电子竞技
1779128,游戏少女霜酱,https://space.bilibili.com/1779128,3386.3,259136,-809.0,-0.31%,游戏,电子竞技
437316738,朱一旦的枯燥生活,https://space.bilibili.com/437316738,3492.8,3741281,-809.0,-0.02%,生活,搞笑
37946996,守护茶茶,https://space.bilibili.com/37946996,3457.4,1850226,-762.0,-0.04%,游戏,电子竞技
508141704,大熊苏尔,https://space.bilibili.com/508141704,3429.9,753356,-746.0,-0.10%,动物圈,野生动物
196356191,翔翔大作战,https://space.bilibili.com/196356191,3518.5,3910710,-738.0,-0.02%,美食,美食测评
551534193,韩国吃播-Boki,https://space.bilibili.com/551534193,3420.1,600368,-712.0,-0.12%,美食,美食记录
3117396,呐ＵDC,https://space.bilibili.com/3117396,3432.8,541306,-684.0,-0.13%,游戏,手机游戏
28278842,仲尼Johnny777,https://space.bilibili.com/28278842,3448.7,1183945,-636.0,-0.05%,生活,日常
265059948,温柔JUNZ,https://space.bilibili.com/265059948,3555.6,2584850,-633.0,-0.02%,知识,社科・法律・心理
67991584,知电晓春哥,https://space.bilibili.com/67991584,3415.3,477422,-629.0,-0.13%,科技,数码
351899011,联想拯救者官方,https://space.bilibili.com/351899011,3443.2,1298380,-615.0,-0.05%,科技,数码
390601281,V5电子竞技俱乐部官方,https://space.bilibili.com/390601281,3410.4,423323,-615.0,-0.15%,游戏,电子竞技
258150656,回形针PaperClip,https://space.bilibili.com/258150656,3474.2,2413795,-601.0,-0.02%,知识,科学科普
677063300,T1-Faker,https://space.bilibili.com/677063300,3438.5,1031140,-561.0,-0.05%,游戏,电子竞技
17409016,爱做饭的芋头SAMA,https://space.bilibili.com/17409016,3485.9,3184461,-556.0,-0.02%,美食,美食制作
439004370,yizhilugou,https://space.bilibili.com/439004370,3440.2,1029058,-549.0,-0.05%,游戏,电子竞技
16187912,老王dota2,https://space.bilibili.com/16187912,3343.5,138282,-548.0,-0.40%,游戏,电子竞技
591856754,卢正义的雕刻时光,https://space.bilibili.com/591856754,3471.3,2184387,-535.0,-0.02%,生活,手工
122879,敖厂长,https://space.bilibili.com/122879,3505,7470820,-532.0,-0.01%,游戏,单机游戏
390461123,徐大sao,https://space.bilibili.com/390461123,3534.5,3737879,-517.0,-0.01%,美食,美食制作
254662438,时间只玩辅,https://space.bilibili.com/254662438,3440.1,1549190,-510.0,-0.03%,游戏,电子竞技
238444767,叫我今非昔比,https://space.bilibili.com/238444767,3356.6,151890,-498.0,-0.33%,游戏,电子竞技
12504479,头头猫丶,https://space.bilibili.com/12504479,3062.2,32047,-484.0,-1.51%,游戏,手机游戏
5870268,三代鹿人,https://space.bilibili.com/5870268,3527.9,6131852,-481.0,-0.01%,影视,影视杂谈
543931452,古呀老师,https://space.bilibili.com/543931452,3445.4,1155795,-478.0,-0.04%,生活,搞笑
27283232,HZS-SHY,https://space.bilibili.com/27283232,3267.5,81450,-465.0,-0.57%,游戏,电子竞技
33683045,张召忠,https://space.bilibili.com/33683045,3476.5,4422807,-464.0,-0.01%,知识,社科・法律・心理
231896831,领克汽车,https://space.bilibili.com/231896831,3433.3,1124842,-463.0,-0.04%,生活,日常
23920239,小米公司,https://space.bilibili.com/23920239,3449.9,2015110,-463.0,-0.02%,生活,日常
517027781,猫之城手游,https://space.bilibili.com/517027781,3434.6,1066701,-459.0,-0.04%,游戏,手机游戏
429392011,天天鉴宝,https://space.bilibili.com/429392011,3444.9,1472939,-454.0,-0.03%,生活,日常
641591444,阿巳与小铃铛,https://space.bilibili.com/641591444,3447.6,2036092,-453.0,-0.02%,动画,短片・手书・配音
34646754,沉默寡言白河愁,https://space.bilibili.com/34646754,3444.3,1739264,-451.0,-0.03%,游戏,单机游戏
251850212,考研英语刘晓艳,https://space.bilibili.com/251850212,3451.2,1599419,-441.0,-0.03%,知识,校园学习
257851644,RNG电子竞技俱乐部,https://space.bilibili.com/257851644,3445.4,1383717,-439.0,-0.03%,游戏,电子竞技
474441355,小马吃草R,https://space.bilibili.com/474441355,3397.7,320866,-438.0,-0.14%,美食,美食制作
250858633,华农兄弟,https://space.bilibili.com/250858633,3537.8,6403477,-431.0,-0.01%,美食,田园美食
392836434,哔哩哔哩王者荣耀赛事,https://space.bilibili.com/392836434,3449.9,3673172,-429.0,-0.01%,游戏,电子竞技
1802392,榛~nami,https://space.bilibili.com/1802392,3398.8,273930,-422.0,-0.15%,音乐,翻唱
490290164,Freezia宋智雅,https://space.bilibili.com/490290164,3433.6,913321,-415.0,-0.05%,时尚,美妆
13904634,我是TOO,https://space.bilibili.com/13904634,3446.2,1289299,-399.0,-0.03%,游戏,电子竞技
7655977,十二礼,https://space.bilibili.com/7655977,3442.5,1191798,-398.0,-0.03%,生活,日常
3682229,小见见Zz,https://space.bilibili.com/3682229,3460.9,1936521,-393.0,-0.02%,游戏,电子竞技
449643177,胡宾果Bingo,https://space.bilibili.com/449643177,3397.5,287679,-387.0,-0.13%,生活,日常
648733888,我是阿尔乔姆,https://space.bilibili.com/648733888,3423.8,521825,-385.0,-0.07%,生活,搞笑
44688866,姜峰真的苟,https://space.bilibili.com/44688866,3462.4,3007042,-381.0,-0.01%,生活,搞笑
10901294,怪盗配音,https://space.bilibili.com/10901294,3432.7,623083,-380.0,-0.06%,生活,搞笑
330415548,谭乔,https://space.bilibili.com/330415548,3464.2,4272598,-377.0,-0.01%,资讯,社会
7129848,王者荣耀直播姬,https://space.bilibili.com/7129848,3433.9,986294,-375.0,-0.04%,游戏,电子竞技
32365949,聚印象视频,https://space.bilibili.com/32365949,3454.9,1577195,-371.0,-0.02%,游戏,电子竞技
371099,youc-,https://space.bilibili.com/371099,3378.3,228701,-369.0,-0.16%,游戏,电子竞技
477342747,星弥Hoshimi,https://space.bilibili.com/477342747,3363.6,183019,-368.0,-0.20%,动画,综合
291615315,圆桌骑土,https://space.bilibili.com/291615315,3374.8,196181,-358.0,-0.18%,游戏,手机游戏
320491072,绯绯Feifei,https://space.bilibili.com/320491072,3504.5,1626236,-357.0,-0.02%,音乐,演奏
279583114,老坛胡说,https://space.bilibili.com/279583114,3468.1,2367740,-354.0,-0.01%,生活,日常
9008159,花花与三猫CatLive,https://space.bilibili.com/9008159,3461.5,3403878,-354.0,-0.01%,动物圈,喵星人
13118294,超级神奇的木偶,https://space.bilibili.com/13118294,3455.1,2615778,-348.0,-0.01%,游戏,电子竞技
330663625,站不起来的蒙蒙,https://space.bilibili.com/330663625,3441.7,1342396,-347.0,-0.03%,生活,搞笑
299609985,FPX电子竞技俱乐部,https://space.bilibili.com/299609985,3435.3,712269,-347.0,-0.05%,游戏,电子竞技
22141287,波桑吃遍世界,https://space.bilibili.com/22141287,3460.3,1625372,-347.0,-0.02%,生活,日常
8578857,谷阿莫,https://space.bilibili.com/8578857,3470.9,2396763,-347.0,-0.01%,影视,影视杂谈
605544858,矮油王老六,https://space.bilibili.com/605544858,3446.5,1199220,-341.0,-0.03%,生活,搞笑
4474705,孤独的美食基,https://space.bilibili.com/4474705,3478.6,3625086,-339.0,-0.01%,美食,美食侦探
387119065,成都猎人队,https://space.bilibili.com/387119065,3333.9,136079,-338.0,-0.25%,游戏,电子竞技
494978109,LNG电子竞技俱乐部官方,https://space.bilibili.com/494978109,3391.5,293816,-336.0,-0.11%,游戏,电子竞技
808171,吃素的狮子,https://space.bilibili.com/808171,3492.1,2852718,-336.0,-0.01%,生活,日常
32820037,歪果仁研究协会,https://space.bilibili.com/32820037,3479.2,4023259,-334.0,-0.01%,生活,日常
596324576,音乐制作人Kurt,https://space.bilibili.com/596324576,3505.9,1923969,-329.0,-0.02%,音乐,翻唱
35757240,爱吃榴莲的小吴同学,https://space.bilibili.com/35757240,3442,880723,-327.0,-0.04%,生活,日常
536408778,滴滴,https://space.bilibili.com/536408778,3428.6,644676,-323.0,-0.05%,生活,搞笑
242456596,ShanghaiDragons,https://space.bilibili.com/242456596,3307.7,108015,-322.0,-0.30%,游戏,电子竞技
91254197,LOL小绿毛资讯,https://space.bilibili.com/91254197,3437.6,974326,-322.0,-0.03%,游戏,电子竞技
1643718,山下智博,https://space.bilibili.com/1643718,3463.6,2623417,-321.0,-0.01%,生活,日常
24801003,口语老炮儿马思瑞,https://space.bilibili.com/24801003,3453.2,2019324,-319.0,-0.02%,生活,日常
8827857,白痴毛,https://space.bilibili.com/8827857,3419.2,380186,-319.0,-0.08%,游戏,手机游戏
405815805,有车有肉的肉肉,https://space.bilibili.com/405815805,3399.8,330141,-317.0,-0.10%,汽车,购车攻略
269353,网络小说排行榜,https://space.bilibili.com/269353,3433.8,733479,-315.0,-0.04%,生活,搞笑
494686150,陈斯文cissie,https://space.bilibili.com/494686150,3429.8,689181,-314.0,-0.05%,时尚,服饰
512574759,公孙田浩,https://space.bilibili.com/512574759,3460.1,2494679,-313.0,-0.01%,知识,人文历史
3345720,犬来八荒w,https://space.bilibili.com/3345720,3491.1,1982708,-311.0,-0.02%,娱乐,明星
87635114,解说英凯,https://space.bilibili.com/87635114,3435.5,974253,-310.0,-0.03%,游戏,电子竞技
303740257,牛顿顿顿,https://space.bilibili.com/303740257,3449.1,1263685,-309.0,-0.02%,知识,社科・法律・心理
2871017,一栗莎子,https://space.bilibili.com/2871017,3441.4,1588956,-304.0,-0.02%,生活,日常
254726274,东京大明白,https://space.bilibili.com/254726274,3435.9,743353,-302.0,-0.04%,生活,日常
30643878,野食小哥,https://space.bilibili.com/30643878,3464.6,1827816,-302.0,-0.02%,美食,田园美食
350611270,生日快乐是个呆瓜,https://space.bilibili.com/350611270,3393.1,271066,-299.0,-0.11%,游戏,音游
404621309,小鸿wow,https://space.bilibili.com/404621309,3283.3,85653,-294.0,-0.34%,游戏,电子竞技
193584,闻香识,https://space.bilibili.com/193584,3431.3,601726,-292.0,-0.05%,游戏,网络游戏
235630215,国电武术馆馆长,https://space.bilibili.com/235630215,3449.1,1564068,-292.0,-0.02%,游戏,网络游戏
355327690,珍大户,https://space.bilibili.com/355327690,3451.8,1204283,-292.0,-0.02%,知识,财经商业
335390960,德云Televison,https://space.bilibili.com/335390960,3430.7,806111,-288.0,-0.04%,生活,搞笑
81824112,导演小策,https://space.bilibili.com/81824112,3471,3256454,-287.0,-0.01%,生活,搞笑
488836173,yoyo鹿鸣_Lumi,https://space.bilibili.com/488836173,3447.1,1512575,-284.0,-0.02%,动画,MMD・3D
630716239,雨豪别张嘴,https://space.bilibili.com/630716239,3408,345592,-282.0,-0.08%,生活,搞笑
302651406,苏宁电子竞技俱乐部,https://space.bilibili.com/302651406,3390.7,292891,-278.0,-0.09%,游戏,电子竞技
403748305,BML制作指挥部,https://space.bilibili.com/403748305,3508.5,1187244,-277.0,-0.02%,音乐,音乐现场
18768997,西安WE丶Best,https://space.bilibili.com/18768997,3422.3,485920,-277.0,-0.06%,游戏,电子竞技
9535164,一加手机,https://space.bilibili.com/9535164,3424.1,560555,-275.0,-0.05%,科技,数码
441899713,李哥翻滚s5-smax,https://space.bilibili.com/441899713,2959.6,24316,-275.0,-1.13%,游戏,电子竞技
97177641,混乱博物馆,https://space.bilibili.com/97177641,3445.3,1429692,-274.0,-0.02%,知识,科学科普
234256,逗川kshadow,https://space.bilibili.com/234256,3454,1648193,-268.0,-0.02%,游戏,单机游戏
393080744,广州冲锋队,https://space.bilibili.com/393080744,3259.6,76448,-267.0,-0.35%,游戏,电子竞技
36825256,槐安遗梦,https://space.bilibili.com/36825256,3443.8,947188,-265.0,-0.03%,游戏,网络游戏
8047632,哔哩哔哩弹幕网,https://space.bilibili.com/8047632,3644.2,3482626,-265.0,-0.01%,音乐,音乐综合
263680381,LCK韩服研究员,https://space.bilibili.com/263680381,3376.5,230225,-262.0,-0.11%,游戏,电子竞技
394067394,NathanRich火锅大王,https://space.bilibili.com/394067394,3468.9,1496303,-262.0,-0.02%,生活,日常
14946689,鲎油学,https://space.bilibili.com/14946689,3450.9,1561985,-262.0,-0.02%,生活,日常
75912367,陈吃饭_,https://space.bilibili.com/75912367,3455.9,1205378,-261.0,-0.02%,时尚,美妆
388690403,玛娜希斯回响,https://space.bilibili.com/388690403,3414.5,538409,-260.0,-0.05%,游戏,手机游戏
250111460,蜡笔和小勋,https://space.bilibili.com/250111460,3488.6,3317507,-258.0,-0.01%,知识,科学科普
444348914,稻草放毒,https://space.bilibili.com/444348914,3440.3,1101878,-258.0,-0.02%,美食,美食制作
345548816,爆裂魔女,https://space.bilibili.com/345548816,3423.4,676316,-253.0,-0.04%,游戏,手机游戏
474267806,人类早期驯服,https://space.bilibili.com/474267806,3440.5,1048485,-252.0,-0.02%,生活,搞笑
129240403,燃茶哥哥在此,https://space.bilibili.com/129240403,3456.1,1583760,-251.0,-0.02%,游戏,手机游戏
110631,宫本狗雨,https://space.bilibili.com/110631,3438.1,858987,-251.0,-0.03%,游戏,电子竞技
38048878,乌合麒麟,https://space.bilibili.com/38048878,3447.2,1553483,-251.0,-0.02%,生活,绘画
1750561,蜜球兔,https://space.bilibili.com/1750561,3303.1,106649,-250.0,-0.23%,游戏,单机游戏
390478245,青柠cool,https://space.bilibili.com/390478245,3396.4,307178,-248.0,-0.08%,游戏,电子竞技
642389251,黑神话之悟空,https://space.bilibili.com/642389251,3475.3,2402895,-246.0,-0.01%,游戏,单机游戏
4561132,解说Alan,https://space.bilibili.com/4561132,3234.1,65408,-243.0,-0.37%,游戏,电子竞技
587618113,姚姚不是P30,https://space.bilibili.com/587618113,3451.1,2122951,-239.0,-0.01%,生活,搞笑
452161580,金灿荣频道,https://space.bilibili.com/452161580,3443.5,1231910,-237.0,-0.02%,资讯,热点
7875104,千户长生,https://space.bilibili.com/7875104,3457.3,1295185,-237.0,-0.02%,时尚,美妆
505370779,杰克-涛,https://space.bilibili.com/505370779,3382.7,250200,-237.0,-0.09%,汽车,汽车生活
161419374,山药视频,https://space.bilibili.com/161419374,3452,1770532,-236.0,-0.01%,美食,田园美食
647163400,星之彼端Starside,https://space.bilibili.com/647163400,3418,576776,-234.0,-0.04%,游戏,手机游戏
3380239,神奇的老皮VFX,https://space.bilibili.com/3380239,3467.8,2803852,-230.0,-0.01%,游戏,电子竞技
55723103,辣目洋子,https://space.bilibili.com/55723103,3434.5,986426,-230.0,-0.02%,生活,搞笑
428040854,上单老祖,https://space.bilibili.com/428040854,3440.9,891611,-226.0,-0.03%,游戏,电子竞技
488009671,千雅折一湖Official,https://space.bilibili.com/488009671,3441.8,1288097,-226.0,-0.02%,生活,日常
3040178,凌识啊,https://space.bilibili.com/3040178,3457.1,1092605,-222.0,-0.02%,游戏,单机游戏
353408093,我爱英雄联盟的那几年,https://space.bilibili.com/353408093,3148.3,44284,-221.0,-0.50%,游戏,电子竞技
32135129,尖小呆,https://space.bilibili.com/32135129,3403.9,345764,-218.0,-0.06%,游戏,电子竞技
480366389,嘏的冷风,https://space.bilibili.com/480366389,3481.5,1321939,-218.0,-0.02%,生活,日常
285499073,东尼ookii,https://space.bilibili.com/285499073,3491.7,4576524,-217.0,0.00%,生活,搞笑
646730844,雷军,https://space.bilibili.com/646730844,3442,1214309,-214.0,-0.02%,生活,日常
1955635,WinWinQAQ,https://space.bilibili.com/1955635,3290.4,94265,-213.0,-0.23%,游戏,电子竞技
402941695,我是徐大宁,https://space.bilibili.com/402941695,3412.9,376516,-212.0,-0.06%,美食,美食测评
38351330,阿幕降临,https://space.bilibili.com/38351330,3458.9,1762592,-211.0,-0.01%,动画,综合
327052542,余小C的粉丝,https://space.bilibili.com/327052542,3422.5,533539,-210.0,-0.04%,游戏,电子竞技
12761764,骚男丶注意马叉虫,https://space.bilibili.com/12761764,3440.5,881264,-209.0,-0.02%,生活,搞笑
73697821,桃子carol,https://space.bilibili.com/73697821,3123.8,39860,-209.0,-0.52%,时尚,美妆
481470422,吃货小姐姐Hamzy,https://space.bilibili.com/481470422,3441.6,845456,-208.0,-0.02%,美食,美食制作
174902557,没啥用科技,https://space.bilibili.com/174902557,3467.1,1831386,-206.0,-0.01%,科技,数码
501183549,知日酱,https://space.bilibili.com/501183549,3459.3,1447822,-204.0,-0.01%,生活,日常
322892,痒局长,https://space.bilibili.com/322892,3467.4,2681938,-201.0,-0.01%,游戏,手机游戏
9395982,恶魔少女Miki,https://space.bilibili.com/9395982,2995.8,27006,-201.0,-0.74%,时尚,美妆
177613639,无聊的开箱,https://space.bilibili.com/177613639,3450.5,1676747,-199.0,-0.01%,科技,数码
35304890,吃鸡陪玩酱,https://space.bilibili.com/35304890,3438.3,1153035,-198.0,-0.02%,游戏,网络游戏
27756469,奶糕成精档案社,https://space.bilibili.com/27756469,3457.9,1668249,-198.0,-0.01%,动物圈,喵星人
2490227,SilenceOB,https://space.bilibili.com/2490227,3399.1,315854,-197.0,-0.06%,游戏,电子竞技
339680732,盖世猪猪丶,https://space.bilibili.com/339680732,3464.9,3098076,-197.0,-0.01%,动画,短片・手书・配音
30918403,摩尔庄园手游,https://space.bilibili.com/30918403,3429.9,688288,-196.0,-0.03%,游戏,手机游戏
315111461,IceCreamRolls,https://space.bilibili.com/315111461,3431.5,669814,-194.0,-0.03%,美食,美食制作
32708587,番剧茶会,https://space.bilibili.com/32708587,3429.8,826798,-194.0,-0.02%,动画,综合
3760773,大果粒粒V,https://space.bilibili.com/3760773,3444.5,943886,-194.0,-0.02%,生活,搞笑
173013843,成毅丶,https://space.bilibili.com/173013843,3351.7,159338,-194.0,-0.12%,游戏,电子竞技
406517693,甘子七,https://space.bilibili.com/406517693,3443.9,1019659,-193.0,-0.02%,生活,搞笑
95290670,英雄联盟宇宙,https://space.bilibili.com/95290670,3413.2,476399,-189.0,-0.04%,游戏,电子竞技
10835521,在下刀哥,https://space.bilibili.com/10835521,3417.7,482831,-188.0,-0.04%,生活,汽车生活
533675317,磐他,https://space.bilibili.com/533675317,3360.2,170234,-188.0,-0.11%,知识,财经商业
5771902,波靖仔,https://space.bilibili.com/5771902,3457.5,1268350,-187.0,-0.01%,美食,美食测评
310702549,演员管云鹏,https://space.bilibili.com/310702549,3439.8,896240,-187.0,-0.02%,生活,搞笑
263090405,猫不理咖啡,https://space.bilibili.com/263090405,3443,1584838,-186.0,-0.01%,动物圈,喵星人
697288312,BOKI文福姬搬运,https://space.bilibili.com/697288312,3291.9,100286,-186.0,-0.19%,美食,美食记录
156619610,JDG京东电子竞技俱乐部,https://space.bilibili.com/156619610,3430,734667,-184.0,-0.03%,游戏,电子竞技
152015773,瘦不了猫,https://space.bilibili.com/152015773,3463.2,1136855,-184.0,-0.02%,时尚,健身
37291782,某布君,https://space.bilibili.com/37291782,3451.6,1442764,-183.0,-0.01%,生活,搞笑
194484313,Asaki大人,https://space.bilibili.com/194484313,3438,920633,-182.0,-0.02%,游戏,单机游戏
361840091,积极向上的十二,https://space.bilibili.com/361840091,3406.8,379191,-181.0,-0.05%,游戏,电子竞技
216623621,吃货明3,https://space.bilibili.com/216623621,3449.7,1222754,-181.0,-0.01%,美食,美食测评
7770395,咖米狸,https://space.bilibili.com/7770395,3295.1,100134,-181.0,-0.18%,游戏,单机游戏
295711424,神秘店长A,https://space.bilibili.com/295711424,3452.4,2109305,-180.0,-0.01%,游戏,单机游戏
32606879,果子哥哥工作室,https://space.bilibili.com/32606879,3446.5,1169148,-177.0,-0.02%,生活,搞笑
19419058,10后找人带,https://space.bilibili.com/19419058,3426.8,594841,-174.0,-0.03%,游戏,网络游戏
352001571,斗鱼BLUE,https://space.bilibili.com/352001571,3439,798027,-174.0,-0.02%,游戏,电子竞技
479450657,你们的宋老师,https://space.bilibili.com/479450657,3435.9,899723,-174.0,-0.02%,生活,搞笑
11783152,不要吃咖喱,https://space.bilibili.com/11783152,3415,457384,-173.0,-0.04%,生活,其他
389988163,马佳PopMatta,https://space.bilibili.com/389988163,3433.1,726804,-172.0,-0.02%,生活,日常
88389962,韩美娟Amir,https://space.bilibili.com/88389962,3434.1,805402,-172.0,-0.02%,生活,搞笑
474702359,自来卷三木,https://space.bilibili.com/474702359,3463.1,2700190,-172.0,-0.01%,生活,搞笑
6534506,笑cry的小仙爷,https://space.bilibili.com/6534506,3446.7,1190762,-171.0,-0.01%,时尚,美妆
330849669,鬼泣-巅峰之战,https://space.bilibili.com/330849669,3421.2,615777,-170.0,-0.03%,游戏,手机游戏
649022917,火星方阵,https://space.bilibili.com/649022917,3438.3,866428,-170.0,-0.02%,资讯,综合
102176172,地下城与勇士,https://space.bilibili.com/102176172,3430.2,637228,-168.0,-0.03%,游戏,网络游戏
8491103,轩墨宝宝,https://space.bilibili.com/8491103,3438.3,1197852,-168.0,-0.01%,生活,搞笑
15982391,丁香医生,https://space.bilibili.com/15982391,3441.1,896355,-166.0,-0.02%,知识,科学科普
304668637,喵内a,https://space.bilibili.com/304668637,3377.7,228140,-163.0,-0.07%,生活,日常
2897191,阿漫啊阿漫,https://space.bilibili.com/2897191,3456.4,1679911,-163.0,-0.01%,生活,搞笑
514459651,lolMadMovie,https://space.bilibili.com/514459651,3374.7,228090,-163.0,-0.07%,游戏,电子竞技
4255540,仅仅穿堂风啊,https://space.bilibili.com/4255540,3371.7,211786,-162.0,-0.08%,游戏,电子竞技
240862735,小黑豹子,https://space.bilibili.com/240862735,3411.7,424657,-161.0,-0.04%,生活,搞笑
382193067,巫托邦,https://space.bilibili.com/382193067,3467,1232040,-160.0,-0.01%,美食,美食制作
584599812,威希弟,https://space.bilibili.com/584599812,3413.3,444190,-160.0,-0.04%,生活,搞笑
9018813,零之启,https://space.bilibili.com/9018813,3410.6,381488,-160.0,-0.04%,游戏,手机游戏
258457966,卧龙寺,https://space.bilibili.com/258457966,3504.1,1045290,-160.0,-0.02%,生活,日常
595286372,终末阵线-伊诺贝塔,https://space.bilibili.com/595286372,3407.4,427933,-160.0,-0.04%,游戏,手机游戏
314791153,面筋哥-程书林,https://space.bilibili.com/314791153,3463.4,1415610,-159.0,-0.01%,音乐,翻唱
588032726,转生史莱姆-魔物之王,https://space.bilibili.com/588032726,3411.5,478190,-159.0,-0.03%,游戏,手机游戏
450595813,文不叮,https://space.bilibili.com/450595813,3478.9,2680476,-158.0,-0.01%,时尚,美妆
11616487,绝不早到小吱吱,https://space.bilibili.com/11616487,3447,1445371,-158.0,-0.01%,生活,搞笑
40966108,倒悬的橘子,https://space.bilibili.com/40966108,3534.8,2768994,-157.0,-0.01%,鬼畜,鬼畜调教
674056889,粉笔战争SoKrispy,https://space.bilibili.com/674056889,3436.3,731226,-157.0,-0.02%,影视,短片
323194278,河南共青团,https://space.bilibili.com/323194278,3449.2,1222488,-156.0,-0.01%,资讯,热点
433351,EdmundDZhang,https://space.bilibili.com/433351,3472.1,3159066,-156.0,0.00%,游戏,单机游戏
128174874,慕容晋辉,https://space.bilibili.com/128174874,3431.4,611022,-156.0,-0.03%,生活,日常
630928380,奶油学姐,https://space.bilibili.com/630928380,3393.5,317461,-156.0,-0.05%,生活,其他
164139557,活蹦乱跳的肥,https://space.bilibili.com/164139557,3453.6,1558110,-155.0,-0.01%,生活,日常
80509102,披萨OB,https://space.bilibili.com/80509102,3418.1,528246,-155.0,-0.03%,游戏,电子竞技
99748932,荣耀手机,https://space.bilibili.com/99748932,3443.9,817498,-155.0,-0.02%,科技,数码
692277525,解说米勒,https://space.bilibili.com/692277525,3422.5,536426,-154.0,-0.03%,游戏,电子竞技
35365051,绝不白给小黄鸡,https://space.bilibili.com/35365051,3416.8,484806,-153.0,-0.03%,游戏,电子竞技
2378908,漠☆漠,https://space.bilibili.com/2378908,3442.9,928367,-153.0,-0.02%,生活,搞笑
353840826,公主连结ReDive,https://space.bilibili.com/353840826,3446,2113704,-152.0,-0.01%,游戏,手机游戏
164627,杆菌无敌,https://space.bilibili.com/164627,3432,694441,-152.0,-0.02%,游戏,手机游戏
588049766,Redmi官方,https://space.bilibili.com/588049766,3413.4,415695,-152.0,-0.04%,科技,数码
198748058,风声君,https://space.bilibili.com/198748058,3452.1,1029926,-151.0,-0.01%,生活,搞笑
50366363,熙狗Game,https://space.bilibili.com/50366363,3435.2,950566,-151.0,-0.02%,游戏,电子竞技
392306574,巢巢巢Even,https://space.bilibili.com/392306574,3413.5,447150,-151.0,-0.03%,知识,人文历史
170112547,碳纤维直男,https://space.bilibili.com/170112547,3278.1,75366,-150.0,-0.20%,知识,社科・法律・心理
203708804,肌肉山山,https://space.bilibili.com/203708804,3446.6,1349656,-150.0,-0.01%,生活,搞笑
47291,抽风的飞机工作室,https://space.bilibili.com/47291,3425.7,563175,-150.0,-0.03%,游戏,电子竞技
491936052,啊脑袋_,https://space.bilibili.com/491936052,3436.1,810496,-150.0,-0.02%,生活,日常
67141,C酱です,https://space.bilibili.com/67141,3449.2,1307782,-150.0,-0.01%,游戏,单机游戏
91399769,衣谷水原egg,https://space.bilibili.com/91399769,3447.1,747520,-150.0,-0.02%,美食,美食侦探
381281213,姜云升,https://space.bilibili.com/381281213,3469,2197568,-149.0,-0.01%,音乐,音乐现场
1285446,银子丶丶,https://space.bilibili.com/1285446,3433.7,839783,-149.0,-0.02%,游戏,电子竞技
353224849,老炮儿联盟,https://space.bilibili.com/353224849,3402.3,283690,-149.0,-0.05%,游戏,电子竞技
677865752,芜湖大司马,https://space.bilibili.com/677865752,3449,1453524,-149.0,-0.01%,生活,日常
360193236,小小糯米兜,https://space.bilibili.com/360193236,3337.7,129494,-148.0,-0.11%,舞蹈,舞蹈综合
273881817,幻想乐园综艺字幕组,https://space.bilibili.com/273881817,3433.1,611763,-148.0,-0.02%,娱乐,综艺
391679,A路人,https://space.bilibili.com/391679,3523.4,2656101,-148.0,-0.01%,音乐,翻唱
39304265,韩国东东,https://space.bilibili.com/39304265,3434.1,883505,-148.0,-0.02%,生活,日常
29992385,iG电子竞技俱乐部,https://space.bilibili.com/29992385,3418.8,465369,-148.0,-0.03%,游戏,电子竞技
5293668,齐天大肾余潇洒,https://space.bilibili.com/5293668,3489.1,1251000,-148.0,-0.01%,国创,国产原创相关
10592068,RemediosShio,https://space.bilibili.com/10592068,3297.8,96937,-148.0,-0.15%,游戏,网络游戏
587887250,糖豆人终极淘汰赛,https://space.bilibili.com/587887250,3411,447086,-147.0,-0.03%,游戏,网络游戏
9550310,萧忆情Alex,https://space.bilibili.com/9550310,3515.4,1570245,-147.0,-0.01%,音乐,翻唱
591610354,格雷的英语,https://space.bilibili.com/591610354,3402.9,339591,-146.0,-0.04%,知识,校园学习
35289501,Free从容,https://space.bilibili.com/35289501,3444.2,622441,-146.0,-0.02%,音乐,翻唱
15052693,张尔达,https://space.bilibili.com/15052693,3438.9,985425,-146.0,-0.01%,生活,搞笑
388951699,互动联盟,https://space.bilibili.com/388951699,3395.5,265224,-146.0,-0.06%,知识,社科・法律・心理
123938419,嘻咦啊看,https://space.bilibili.com/123938419,3465.7,1893852,-145.0,-0.01%,影视,短片
31438993,小桑菜奈,https://space.bilibili.com/31438993,3454.6,1780997,-144.0,-0.01%,时尚,美妆
30819051,我是HYK,https://space.bilibili.com/30819051,3398.9,311860,-144.0,-0.05%,科技,数码
326246517,zettaranc,https://space.bilibili.com/326246517,3481.6,2093141,-143.0,-0.01%,时尚,服饰
372311426,sio_yo,https://space.bilibili.com/372311426,3425.6,613453,-143.0,-0.02%,美食,美食记录
14110780,凉风Kaze,https://space.bilibili.com/14110780,3569.4,8133533,-143.0,0.00%,生活,搞笑
161759588,天才少年锐雯,https://space.bilibili.com/161759588,3413.5,434472,-142.0,-0.03%,游戏,电子竞技
526530320,猞猁姐姐,https://space.bilibili.com/526530320,3382.6,245883,-142.0,-0.06%,动物圈,野生动物
13339900,日更美图的欢欢,https://space.bilibili.com/13339900,3293.3,101104,-141.0,-0.14%,生活,日常
28870949,陈小双不拖更,https://space.bilibili.com/28870949,3412.2,438089,-141.0,-0.03%,游戏,电子竞技
111363591,天名大可爱,https://space.bilibili.com/111363591,3445.6,1247903,-141.0,-0.01%,游戏,单机游戏
370365111,坚韧的马老师,https://space.bilibili.com/370365111,3379.7,208224,-141.0,-0.07%,游戏,单机游戏
29289302,积极向上的骷髅,https://space.bilibili.com/29289302,3428.4,627322,-140.0,-0.02%,生活,日常
92091860,一只火豚,https://space.bilibili.com/92091860,3384.2,250650,-140.0,-0.06%,生活,日常
639855783,管春呀,https://space.bilibili.com/639855783,3306.9,112995,-140.0,-0.12%,生活,搞笑
43075474,老婆爱吃巧乐兹,https://space.bilibili.com/43075474,3416.6,508571,-139.0,-0.03%,生活,日常
672328094,嘉然今天吃什么,https://space.bilibili.com/672328094,3463,1681126,-139.0,-0.01%,动画,综合
359423988,OPPO,https://space.bilibili.com/359423988,3422.4,564287,-138.0,-0.02%,科技,数码
486183,排骨教主,https://space.bilibili.com/486183,3512.5,3064177,-138.0,0.00%,音乐,原创音乐
402923390,BilibiliWorld园长,https://space.bilibili.com/402923390,3428.1,617047,-138.0,-0.02%,生活,日常
694937491,话龙电竞,https://space.bilibili.com/694937491,3391.9,277338,-138.0,-0.05%,游戏,电子竞技
89847338,泡芙美妆课堂,https://space.bilibili.com/89847338,3433.7,796033,-135.0,-0.02%,时尚,美妆
478835770,郁乐队,https://space.bilibili.com/478835770,3288.6,89285,-135.0,-0.15%,音乐,音乐现场
53490139,吟游大司人,https://space.bilibili.com/53490139,3433.5,759655,-134.0,-0.02%,游戏,电子竞技
10909041,VirtualMOD,https://space.bilibili.com/10909041,3431.9,501659,-133.0,-0.03%,科技,数码
14306063,兔子解说JokerTu,https://space.bilibili.com/14306063,3356.7,180945,-133.0,-0.07%,游戏,电子竞技
473708883,新账号请查看置顶喵,https://space.bilibili.com/473708883,2701.9,13412,-133.0,-0.99%,动画,综合
29404012,Norah脱口秀,https://space.bilibili.com/29404012,3433.3,1060827,-131.0,-0.01%,生活,搞笑
406745134,阿银哦哦,https://space.bilibili.com/406745134,3464.8,1380048,-131.0,-0.01%,生活,搞笑
218211454,方玉钰,https://space.bilibili.com/218211454,3265.9,73456,-131.0,-0.18%,影视,影视剪辑
581967703,清华博士汪,https://space.bilibili.com/581967703,3404.1,348090,-131.0,-0.04%,知识,科学科普
234507192,原来真是翔翔啊,https://space.bilibili.com/234507192,3418.9,489404,-130.0,-0.03%,生活,汽车生活
32660634,bilibili星访问,https://space.bilibili.com/32660634,3450.7,877224,-130.0,-0.01%,影视,影视杂谈
348640514,千万不要买,https://space.bilibili.com/348640514,3440,1179945,-129.0,-0.01%,科技,数码
212630840,卡琳娜和揉西,https://space.bilibili.com/212630840,3448,1332110,-129.0,-0.01%,生活,日常
326968804,七濑胡桃menherachan,https://space.bilibili.com/326968804,3439.7,760652,-129.0,-0.02%,动画,综合
3725622,一一只是黑猫,https://space.bilibili.com/3725622,3436.6,735608,-129.0,-0.02%,时尚,美妆
325018581,古剑奇谭木语人,https://space.bilibili.com/325018581,3395.6,333233,-129.0,-0.04%,游戏,手机游戏
254463269,毕导THU,https://space.bilibili.com/254463269,3506.6,4961233,-129.0,0.00%,知识,科学科普
1427895,安可乐ovo,https://space.bilibili.com/1427895,3393.5,260818,-128.0,-0.05%,游戏,手机游戏
8784855,--圈圈--,https://space.bilibili.com/8784855,3445.7,1389037,-128.0,-0.01%,游戏,单机游戏
451066708,新科动漫Channel,https://space.bilibili.com/451066708,3433.6,537230,-126.0,-0.02%,动画,综合
16853795,孤独的guan测者,https://space.bilibili.com/16853795,3337.5,133423,-125.0,-0.09%,生活,绘画
268999208,BLG电子竞技俱乐部,https://space.bilibili.com/268999208,3427,634026,-125.0,-0.02%,游戏,电子竞技
38829,本气黑猫,https://space.bilibili.com/38829,3428.8,668260,-125.0,-0.02%,游戏,手机游戏
259143513,CB清风_信仰刀妹,https://space.bilibili.com/259143513,3338.5,141798,-125.0,-0.09%,游戏,电子竞技
213216169,山海zoom,https://space.bilibili.com/213216169,3441.4,586180,-125.0,-0.02%,鬼畜,鬼畜剧场
475961,翼王,https://space.bilibili.com/475961,3433.1,649892,-125.0,-0.02%,科技,数码
621484096,表妹李KK,https://space.bilibili.com/621484096,3430.5,798714,-125.0,-0.02%,生活,搞笑
300702024,丸嘻嘻,https://space.bilibili.com/300702024,3416.4,423535,-125.0,-0.03%,音乐,翻唱
595448675,狩猎时刻手游官方,https://space.bilibili.com/595448675,3398.9,346325,-125.0,-0.04%,游戏,手机游戏
508168388,张继科,https://space.bilibili.com/508168388,3434.5,723168,-124.0,-0.02%,娱乐,明星
259808339,soulofthemake,https://space.bilibili.com/259808339,3234.3,65935,-123.0,-0.19%,游戏,电子竞技
630280232,安慕希,https://space.bilibili.com/630280232,3393.5,300244,-123.0,-0.04%,生活,搞笑
321594763,黑椒糖唯酢,https://space.bilibili.com/321594763,3364,185672,-122.0,-0.07%,游戏,手机游戏
10040906,四季萌芽,https://space.bilibili.com/10040906,3444.5,1282040,-122.0,-0.01%,动画,
1770706,瞬间爆炸型LowSing,https://space.bilibili.com/1770706,3465.2,919952,-122.0,-0.01%,鬼畜,鬼畜调教
416128940,在下哲别,https://space.bilibili.com/416128940,3464.1,2647142,-122.0,0.00%,生活,日常
503018662,吃草莓的果子狸,https://space.bilibili.com/503018662,3427.4,483937,-122.0,-0.03%,生活,搞笑
534916998,清华护肤学长王植,https://space.bilibili.com/534916998,3437.3,875840,-122.0,-0.01%,时尚,美妆
2864911,张三日记,https://space.bilibili.com/2864911,3432.8,643884,-122.0,-0.02%,知识,社科・法律・心理
27375326,文艺青年王小鱼,https://space.bilibili.com/27375326,3410.5,404438,-121.0,-0.03%,游戏,电子竞技
3051837,星无,https://space.bilibili.com/3051837,3310.4,102970,-120.0,-0.12%,动画,综合
425466465,王者荣耀解说老勤,https://space.bilibili.com/425466465,3429.9,729146,-120.0,-0.02%,游戏,电子竞技
477132,TAKERA,https://space.bilibili.com/477132,3451.5,423789,-120.0,-0.03%,游戏,电子竞技
504978221,董代表,https://space.bilibili.com/504978221,3386.1,269083,-120.0,-0.04%,生活,搞笑
3116281,钢铁直男必老板,https://space.bilibili.com/3116281,3462.3,1395501,-120.0,-0.01%,生活,日常
23237209,蔷薇Jun,https://space.bilibili.com/23237209,3320.3,123306,-119.0,-0.10%,生活,其他
180166708,海绵宝宝小风儿,https://space.bilibili.com/180166708,3262.8,78922,-119.0,-0.15%,游戏,电子竞技
470231396,装机侠林BB,https://space.bilibili.com/470231396,3409,404826,-119.0,-0.03%,科技,数码
487922923,明星B街区,https://space.bilibili.com/487922923,3436.6,498057,-119.0,-0.02%,娱乐,明星
72956117,panpiano,https://space.bilibili.com/72956117,-,544425,-119.0,-0.02%,,
478540036,天地劫幽城再临,https://space.bilibili.com/478540036,3406.4,401978,-119.0,-0.03%,游戏,手机游戏
32007151,一天世界晴o,https://space.bilibili.com/32007151,3263.6,80394,-119.0,-0.15%,游戏,手机游戏
38527014,兰斯Studios,https://space.bilibili.com/38527014,3402.5,341664,-118.0,-0.03%,游戏,电子竞技
434967398,哔哩哔哩直播姬,https://space.bilibili.com/434967398,3436.8,951658,-118.0,-0.01%,生活,日常
33621433,小狮子piano,https://space.bilibili.com/33621433,3428.4,631295,-118.0,-0.02%,游戏,网络游戏
333140083,奥特曼的电竞装机店,https://space.bilibili.com/333140083,3232.3,66091,-117.0,-0.18%,科技,
388063772,GoDlike_神超,https://space.bilibili.com/388063772,3430.1,756683,-117.0,-0.02%,游戏,电子竞技
223236400,就看看桑,https://space.bilibili.com/223236400,3342.8,153507,-117.0,-0.08%,游戏,电子竞技
20084211,哎呀呀呀是二又,https://space.bilibili.com/20084211,3409.4,411197,-117.0,-0.03%,美食,美食记录
4835329,AS极客,https://space.bilibili.com/4835329,3451.2,918978,-117.0,-0.01%,科技,数码
33523307,栗子没有小蛮腰啦,https://space.bilibili.com/33523307,3443.5,861218,-117.0,-0.01%,时尚,美妆
249608727,杨可爱Ukulele,https://space.bilibili.com/249608727,3505.1,1142870,-116.0,-0.01%,音乐,翻唱
275981,小绝,https://space.bilibili.com/275981,3432.5,723617,-115.0,-0.02%,游戏,网络游戏
434716461,正经C座802,https://space.bilibili.com/434716461,3414.7,428740,-115.0,-0.03%,生活,搞笑
366043981,月半月半QVQ,https://space.bilibili.com/366043981,3376.7,238784,-115.0,-0.05%,游戏,电子竞技
11730197,MordonFreeman,https://space.bilibili.com/11730197,3435.3,841200,-114.0,-0.01%,生活,搞笑
908383,撸大师-木源,https://space.bilibili.com/908383,3448.4,1334450,-114.0,-0.01%,生活,绘画
671305600,春夏妹妹,https://space.bilibili.com/671305600,3411.5,435781,-114.0,-0.03%,生活,搞笑
35789774,轩子老师,https://space.bilibili.com/35789774,3438.8,1273422,-113.0,-0.01%,生活,日常
185546,小可儿,https://space.bilibili.com/185546,3452.9,1161824,-113.0,-0.01%,音乐,翻唱
14553873,影之诗调戏专员,https://space.bilibili.com/14553873,3352.1,169864,-113.0,-0.07%,游戏,手机游戏
4728147,骚铭,https://space.bilibili.com/4728147,3424.8,601722,-113.0,-0.02%,游戏,电子竞技
37199377,沧桑丸,https://space.bilibili.com/37199377,3444.1,1151734,-113.0,-0.01%,游戏,单机游戏
1372433,Super也好君,https://space.bilibili.com/1372433,3457.4,2030132,-113.0,-0.01%,生活,搞笑
73385525,红胡子老爹定格工坊,https://space.bilibili.com/73385525,3425.1,606791,-113.0,-0.02%,动画,综合
92568184,福乐小哥,https://space.bilibili.com/92568184,3450.6,1213445,-113.0,-0.01%,生活,日常
8864484,面粉社长,https://space.bilibili.com/8864484,3456.3,1521176,-112.0,-0.01%,动画,综合
580312164,化妆小天才肖遥,https://space.bilibili.com/580312164,3409.1,372536,-112.0,-0.03%,时尚,美妆
481393564,钉钉DingTalk,https://space.bilibili.com/481393564,3458.4,1189143,-111.0,-0.01%,生活,搞笑
208599773,九品丸子,https://space.bilibili.com/208599773,3335,138717,-111.0,-0.08%,游戏,电子竞技
9131680,晏策去月光林地了,https://space.bilibili.com/9131680,3418,278543,-111.0,-0.04%,鬼畜,鬼畜调教
303955638,我有故事你听吗,https://space.bilibili.com/303955638,3400.2,314314,-111.0,-0.04%,生活,日常
1513249,筑梦公馆DM,https://space.bilibili.com/1513249,3383.3,253056,-111.0,-0.04%,游戏,手机游戏
602829158,延妍小师姐,https://space.bilibili.com/602829158,3417.4,417448,-111.0,-0.03%,生活,运动综合
9066351,塔克Tako,https://space.bilibili.com/9066351,3413.2,349296,-111.0,-0.03%,音乐,翻唱
272759611,按时吃饭并不难怼哥,https://space.bilibili.com/272759611,3442.9,897034,-110.0,-0.01%,美食,美食测评
383326579,聚核电竞,https://space.bilibili.com/383326579,3414.3,355623,-110.0,-0.03%,游戏,电子竞技
411164933,王者荣耀芳芳,https://space.bilibili.com/411164933,3424.1,597104,-110.0,-0.02%,游戏,电子竞技
414641554,女胖胖,https://space.bilibili.com/414641554,3463.4,1957544,-109.0,-0.01%,美食,美食侦探
7294940,TeamWE俱乐部,https://space.bilibili.com/7294940,3359.5,179967,-109.0,-0.06%,游戏,电子竞技
543931674,马力在知群,https://space.bilibili.com/543931674,3358.3,178551,-109.0,-0.06%,知识,职业职场
6065166,川同学不穿童鞋,https://space.bilibili.com/6065166,3443.1,851024,-108.0,-0.01%,游戏,网络游戏
474390659,AlanWalker官方频道,https://space.bilibili.com/474390659,3449.4,1114148,-108.0,-0.01%,音乐,音乐综合
348615390,酒心蛋糕_,https://space.bilibili.com/348615390,3408.2,361897,-107.0,-0.03%,时尚,服饰
171356359,王者荣耀北笙,https://space.bilibili.com/171356359,3418,459574,-107.0,-0.02%,游戏,电子竞技
4421572,呱妹没头脑,https://space.bilibili.com/4421572,3406.6,408839,-107.0,-0.03%,生活,搞笑
332704117,白上吹雪Official,https://space.bilibili.com/332704117,3443.6,666123,-106.0,-0.02%,游戏,单机游戏
18874816,尼克OB,https://space.bilibili.com/18874816,3362.3,194898,-106.0,-0.05%,游戏,电子竞技
401938700,原来是二萌呀,https://space.bilibili.com/401938700,3383.2,246114,-106.0,-0.04%,游戏,网络游戏
257975429,十音Shiyin,https://space.bilibili.com/257975429,3458.4,1416998,-106.0,-0.01%,时尚,服饰
545348008,达芬鱼OAO,https://space.bilibili.com/545348008,3411.7,456961,-106.0,-0.02%,生活,日常
828468,烛子ikina_光遇,https://space.bilibili.com/828468,3412.9,338714,-106.0,-0.03%,游戏,手机游戏
618412268,催眠装机佬,https://space.bilibili.com/618412268,3405.5,370942,-106.0,-0.03%,科技,数码
12362451,犬山玉姬Official,https://space.bilibili.com/12362451,3419,393861,-105.0,-0.03%,动画,综合
5918893,一条卤蛋-,https://space.bilibili.com/5918893,3369.7,199956,-105.0,-0.05%,时尚,美妆
61369218,土味角虫,https://space.bilibili.com/61369218,3431.7,632172,-105.0,-0.02%,生活,搞笑
507521207,矢野浩二,https://space.bilibili.com/507521207,3464,1218692,-105.0,-0.01%,娱乐,明星
65713147,小碗面加鸡蛋,https://space.bilibili.com/65713147,3229.2,61442,-105.0,-0.17%,音乐,音乐综合
151365295,Suzy_Z_,https://space.bilibili.com/151365295,3450,989624,-104.0,-0.01%,时尚,美妆
30973654,网易阴阳师手游,https://space.bilibili.com/30973654,3455.1,1648788,-104.0,-0.01%,游戏,手机游戏
13705279,睡不醒的某某阳,https://space.bilibili.com/13705279,3434.3,649805,-104.0,-0.02%,游戏,单机游戏
295626593,摩根游戏日常,https://space.bilibili.com/295626593,3348.4,161582,-103.0,-0.06%,游戏,电子竞技
16307541,Vivekatt,https://space.bilibili.com/16307541,3462.2,1604793,-103.0,-0.01%,时尚,美妆
396501206,佳佳酱HappyFree,https://space.bilibili.com/396501206,3410.1,360897,-103.0,-0.03%,舞蹈,舞蹈综合
95494347,狠毒女孩Money,https://space.bilibili.com/95494347,3441.2,789857,-103.0,-0.01%,时尚,美妆
429663806,绯红之境,https://space.bilibili.com/429663806,3390,302996,-103.0,-0.03%,游戏,手机游戏
334561994,在下李灿,https://space.bilibili.com/334561994,3443.8,712074,-102.0,-0.01%,美食,美食测评
392035586,悦耳声乐大课堂,https://space.bilibili.com/392035586,3447,696296,-102.0,-0.01%,音乐,音乐综合
16419172,灵魂健身杨老师,https://space.bilibili.com/16419172,3452,1012262,-102.0,-0.01%,时尚,健身
218392052,仰度-王者导师,https://space.bilibili.com/218392052,3408.7,404672,-102.0,-0.03%,游戏,电子竞技
252791332,努力的悉尼小猪猪,https://space.bilibili.com/252791332,3418.9,530764,-102.0,-0.02%,美食,美食记录
662609307,planD_,https://space.bilibili.com/662609307,3408.6,374123,-102.0,-0.03%,美食,美食制作
287462147,雪鱼探店,https://space.bilibili.com/287462147,3428.9,656811,-102.0,-0.02%,美食,美食侦探
383352214,美食米阿米,https://space.bilibili.com/383352214,3441.4,758908,-101.0,-0.01%,美食,田园美食
10032675,毕竟王稳健,https://space.bilibili.com/10032675,3417.9,478681,-101.0,-0.02%,游戏,电子竞技
441146730,uu怪呀,https://space.bilibili.com/441146730,3388.8,261722,-100.0,-0.04%,游戏,电子竞技
1524195,熊猫萌否,https://space.bilibili.com/1524195,3320.4,123668,-100.0,-0.08%,生活,动物综合
87588741,大白泷,https://space.bilibili.com/87588741,3405.6,352574,-100.0,-0.03%,游戏,电子竞技
10804055,队霸蓝战非丶,https://space.bilibili.com/10804055,3418.7,511775,-100.0,-0.02%,游戏,网络游戏
391751486,伊拾七,https://space.bilibili.com/391751486,3414,464568,-100.0,-0.02%,动画,综合
18739124,TrevorJames吃货老外,https://space.bilibili.com/18739124,3436.3,786366,-99.0,-0.01%,美食,美食侦探
2920960,大祥哥来了,https://space.bilibili.com/2920960,3523.8,4828558,-99.0,0.00%,美食,美食测评
10715694,QuaestorFelix,https://space.bilibili.com/10715694,3431.1,920303,-99.0,-0.01%,游戏,单机游戏
5055,小缘,https://space.bilibili.com/5055,3481.7,1266612,-99.0,-0.01%,音乐,翻唱
64137054,解说七老爷,https://space.bilibili.com/64137054,3439.6,926237,-99.0,-0.01%,游戏,手机游戏
95220561,coo1B酷的一逼,https://space.bilibili.com/95220561,3405.5,305314,-99.0,-0.03%,时尚,美妆
108910694,朱家小仙,https://space.bilibili.com/108910694,3216.5,61577,-99.0,-0.16%,影视,影视剪辑
474521380,绝命老铁,https://space.bilibili.com/474521380,3447.9,763072,-98.0,-0.01%,知识,社科・法律・心理
38046279,胡小May,https://space.bilibili.com/38046279,3389.7,235528,-98.0,-0.04%,美食,美食制作
9117212,约谈人参,https://space.bilibili.com/9117212,3467.9,800585,-98.0,-0.01%,鬼畜,鬼畜调教
313824859,地位极高硬气鑫,https://space.bilibili.com/313824859,3428.8,763065,-98.0,-0.01%,生活,日常
16576379,空格魂,https://space.bilibili.com/16576379,3435.3,696662,-97.0,-0.01%,知识,社科・法律・心理
340273654,两只沈梦溪,https://space.bilibili.com/340273654,3434,744827,-97.0,-0.01%,游戏,电子竞技
375504219,-阿库娅Official,https://space.bilibili.com/375504219,3450,798727,-97.0,-0.01%,游戏,单机游戏
402978061,陆仙人哦,https://space.bilibili.com/402978061,3428.3,682040,-97.0,-0.01%,时尚,T台
10278125,香菜猫饼,https://space.bilibili.com/10278125,3434.1,498444,-97.0,-0.02%,舞蹈,明星舞蹈
17901717,马戏糍,https://space.bilibili.com/17901717,3449.4,828205,-97.0,-0.01%,时尚,健身
483419193,新月岚_Official,https://space.bilibili.com/483419193,3403.3,333945,-97.0,-0.03%,动画,综合
120026450,虎视眈眈频道,https://space.bilibili.com/120026450,3413.5,448427,-97.0,-0.02%,游戏,网络游戏
97077404,留学生日报,https://space.bilibili.com/97077404,3452.5,1260802,-97.0,-0.01%,资讯,环球
287003199,唯一音乐小魔王,https://space.bilibili.com/287003199,3462.5,1558782,-97.0,-0.01%,音乐,音乐综合
120586,凯玟桑,https://space.bilibili.com/120586,3463,544717,-96.0,-0.02%,音乐,原创音乐
19789641,井盖小分队,https://space.bilibili.com/19789641,3405.5,341455,-96.0,-0.03%,美食,美食侦探
2007102,不太正的歪歪,https://space.bilibili.com/2007102,3342.5,151959,-96.0,-0.06%,游戏,电子竞技
384298638,浙江共青团,https://space.bilibili.com/384298638,3452,1112761,-96.0,-0.01%,资讯,社会
2884277,小蝉丸,https://space.bilibili.com/2884277,3420.8,467188,-95.0,-0.02%,时尚,美妆
383423248,小米情报官,https://space.bilibili.com/383423248,3418.5,436909,-95.0,-0.02%,科技,数码
180485916,巨帅的Kira,https://space.bilibili.com/180485916,3416.6,410479,-95.0,-0.02%,动画,短片・手书・配音
22298920,JR大帅B,https://space.bilibili.com/22298920,3442.3,717872,-95.0,-0.01%,生活,日常
30122385,辣骨蜀黍,https://space.bilibili.com/30122385,3396.7,313144,-95.0,-0.03%,游戏,手机游戏
692283831,美波七海-official,https://space.bilibili.com/692283831,3387.7,232758,-95.0,-0.04%,动画,综合
30652169,知竹zZ,https://space.bilibili.com/30652169,3452.1,1040400,-95.0,-0.01%,影视,短片
21374533,彼岸霜滢Eliro,https://space.bilibili.com/21374533,3385.9,238273,-95.0,-0.04%,动画,综合
685200265,三樱字幕组,https://space.bilibili.com/685200265,2863.3,18122,-95.0,-0.52%,动画,综合
550399272,请叫我邱团长,https://space.bilibili.com/550399272,3426.4,633593,-95.0,-0.01%,知识,社科・法律・心理
4059920,靖菌命,https://space.bilibili.com/4059920,3461,2193563,-94.0,0.00%,游戏,单机游戏
338748561,喵喵折App,https://space.bilibili.com/338748561,3473.4,1653563,-94.0,-0.01%,科技,数码
352760231,LGD_英雄联盟,https://space.bilibili.com/352760231,3301.6,105879,-94.0,-0.09%,游戏,电子竞技
2629890,女汉子字幕组,https://space.bilibili.com/2629890,3444.7,865685,-93.0,-0.01%,娱乐,综艺
55405922,o才,https://space.bilibili.com/55405922,3407.3,361251,-93.0,-0.03%,时尚,服饰
38682977,三寻食堂,https://space.bilibili.com/38682977,3444,958092,-93.0,-0.01%,美食,美食制作
11684516,拉草莓的西瓜JUN,https://space.bilibili.com/11684516,3504.7,1484138,-93.0,-0.01%,音乐,原创音乐
11229785,浣熊君,https://space.bilibili.com/11229785,3432,826287,-93.0,-0.01%,游戏,电子竞技
604017411,宋智孝,https://space.bilibili.com/604017411,3416.2,347042,-93.0,-0.03%,娱乐,明星
492849298,银翼计划手游,https://space.bilibili.com/492849298,3398.9,357124,-93.0,-0.03%,游戏,手机游戏
333010040,喜欢玩基金的小瑜哥,https://space.bilibili.com/333010040,3431.4,689707,-92.0,-0.01%,知识,财经商业
300295,赤早曜丸,https://space.bilibili.com/300295,3012.1,28277,-92.0,-0.33%,游戏,桌游棋牌
385315631,O_WEN欧文,https://space.bilibili.com/385315631,3430.1,505426,-92.0,-0.02%,音乐,原创音乐
398520182,这里阿毛酱,https://space.bilibili.com/398520182,3380.6,217045,-92.0,-0.04%,游戏,手机游戏
732364,腾讯动漫,https://space.bilibili.com/732364,3519.8,1262719,-92.0,-0.01%,国创,资讯
7596516,酒客小丑,https://space.bilibili.com/7596516,3449.1,1254636,-92.0,-0.01%,动画,综合
580108645,伊琳娜的喵星球,https://space.bilibili.com/580108645,3355.4,169020,-92.0,-0.05%,动物圈,喵星人
330383888,广东共青团,https://space.bilibili.com/330383888,3472.5,1689166,-91.0,-0.01%,资讯,热点
200491680,Rika_花花,https://space.bilibili.com/200491680,3406.9,328286,-91.0,-0.03%,时尚,美妆
37090749,东海xx,https://space.bilibili.com/37090749,3421.3,552547,-91.0,-0.02%,生活,日常
299291982,不良良良,https://space.bilibili.com/299291982,3408.1,316166,-91.0,-0.03%,生活,日常
65538469,葡萄的叮当猫,https://space.bilibili.com/65538469,3416.8,436733,-91.0,-0.02%,游戏,电子竞技
490670548,Minecraft-ICE,https://space.bilibili.com/490670548,3436.9,607147,-91.0,-0.01%,游戏,单机游戏
300587768,柯铭和四只熊孩子,https://space.bilibili.com/300587768,3427.9,715362,-90.0,-0.01%,动物圈,汪星人
410505182,小白打野,https://space.bilibili.com/410505182,3332,139012,-90.0,-0.06%,游戏,电子竞技
250475408,阿里巴巴,https://space.bilibili.com/250475408,3431.1,596468,-90.0,-0.02%,生活,日常
9869749,117丶,https://space.bilibili.com/9869749,3398.7,333424,-90.0,-0.03%,游戏,电子竞技
46108421,幺先生,https://space.bilibili.com/46108421,3405.3,339606,-90.0,-0.03%,游戏,电子竞技
80900494,捕月说,https://space.bilibili.com/80900494,3434.9,652821,-90.0,-0.01%,知识,人文历史
94336414,清华数学系坑老师,https://space.bilibili.com/94336414,3450.4,1363777,-90.0,-0.01%,知识,校园学习
355227697,云小皓Gamer,https://space.bilibili.com/355227697,3330.7,126242,-89.0,-0.07%,游戏,单机游戏
378034,S小漫,https://space.bilibili.com/378034,3468.9,1118870,-89.0,-0.01%,舞蹈,宅舞
430897760,幻书启世录,https://space.bilibili.com/430897760,3395.8,316202,-89.0,-0.03%,游戏,手机游戏
56398231,下饭联盟BestLeagueTV,https://space.bilibili.com/56398231,3357,177087,-89.0,-0.05%,游戏,电子竞技
415964517,黑潮之上,https://space.bilibili.com/415964517,3381.9,257725,-89.0,-0.03%,游戏,手机游戏
19369243,小喵西さま,https://space.bilibili.com/19369243,3428.9,690561,-89.0,-0.01%,生活,其他
107135277,OP1_Production,https://space.bilibili.com/107135277,3423.5,614081,-89.0,-0.01%,音乐,音乐综合
11278782,王咩阿,https://space.bilibili.com/11278782,3451.7,1508182,-89.0,-0.01%,美食,美食制作
95205039,触手剑仙,https://space.bilibili.com/95205039,3411.4,409405,-89.0,-0.02%,游戏,电子竞技
676459665,RA电子竞技俱乐部,https://space.bilibili.com/676459665,3302.3,106274,-89.0,-0.08%,游戏,电子竞技
86883701,精致的男孩富贵,https://space.bilibili.com/86883701,3408.3,369833,-89.0,-0.02%,知识,社科・法律・心理
19091473,浪浪咕咕咕,https://space.bilibili.com/19091473,3297.2,99079,-88.0,-0.09%,游戏,电子竞技
250508441,淘宝,https://space.bilibili.com/250508441,3401.6,336803,-88.0,-0.03%,生活,搞笑
476720460,凯迪拉克官方,https://space.bilibili.com/476720460,3329.7,131653,-88.0,-0.07%,汽车,汽车生活
281605299,草鸡实验室,https://space.bilibili.com/281605299,3384.4,244475,-87.0,-0.04%,科技,数码
4198933,miko酱ww,https://space.bilibili.com/4198933,3426.8,558589,-87.0,-0.02%,生活,日常
95480382,左拆家,https://space.bilibili.com/95480382,3427.3,567873,-87.0,-0.02%,生活,日常
1876114349,喵羞,https://space.bilibili.com/1876114349,3306.6,112090,-87.0,-0.08%,生活,其他
175876775,你看今夜月色,https://space.bilibili.com/175876775,3277.2,87913,-87.0,-0.10%,生活,日常
22707531,秃头的白小明,https://space.bilibili.com/22707531,3419.3,394110,-87.0,-0.02%,动画,综合
430669728,X2-siva制作组,https://space.bilibili.com/430669728,3411.5,454387,-87.0,-0.02%,游戏,手机游戏
1918296,丰兄来了,https://space.bilibili.com/1918296,3457.1,1384260,-86.0,-0.01%,动画,综合
32796092,提提斯,https://space.bilibili.com/32796092,3402.4,364896,-86.0,-0.02%,动物圈,动物综合
31536760,EDG电子竞技俱乐部,https://space.bilibili.com/31536760,3450.4,2122247,-86.0,0.00%,游戏,电子竞技
10160324,PASS再也不是熊孩子了,https://space.bilibili.com/10160324,3364.2,187037,-86.0,-0.05%,生活,其他
4801245,春去丶残秋,https://space.bilibili.com/4801245,3407.8,290732,-86.0,-0.03%,游戏,手机游戏
1418442,亲爱的毛光光,https://space.bilibili.com/1418442,3403.8,360442,-86.0,-0.02%,生活,搞笑
25329626,咪克菌,https://space.bilibili.com/25329626,3425.8,549310,-85.0,-0.02%,动画,短片・手书・配音
40740093,星星_T,https://space.bilibili.com/40740093,3401.1,308091,-85.0,-0.03%,生活,日常
269415357,花花Haya,https://space.bilibili.com/269415357,3424.7,419542,-85.0,-0.02%,游戏,网络游戏
558597297,张鹏宇律师,https://space.bilibili.com/558597297,3428,540688,-85.0,-0.02%,知识,社科・法律・心理
441666939,虚拟区高级运营_Official,https://space.bilibili.com/441666939,3415.8,404934,-85.0,-0.02%,动画,综合
514362734,天美工作室群TiMi,https://space.bilibili.com/514362734,3398.9,325844,-85.0,-0.03%,游戏,手机游戏
2088613,6岛岛,https://space.bilibili.com/2088613,3422.2,428638,-84.0,-0.02%,动物圈,汪星人
222198830,图图老司,https://space.bilibili.com/222198830,3406,340105,-84.0,-0.02%,科技,数码
49513641,知不知马,https://space.bilibili.com/49513641,3418.5,480984,-84.0,-0.02%,生活,搞笑
510047,伊万_iiivan,https://space.bilibili.com/510047,3422.5,575703,-84.0,-0.01%,动画,综合
30691457,酒太菌,https://space.bilibili.com/30691457,3431.4,733682,-83.0,-0.01%,游戏,电子竞技
340381722,小肥洋讲模玩,https://space.bilibili.com/340381722,3368.2,195113,-83.0,-0.04%,动画,手办・模玩
283060556,物理素衣,https://space.bilibili.com/283060556,3397.4,316446,-83.0,-0.03%,游戏,网络游戏
397076059,白醋少女,https://space.bilibili.com/397076059,3451,1616631,-83.0,-0.01%,生活,日常
108766164,天猫,https://space.bilibili.com/108766164,3380.3,242232,-83.0,-0.03%,动画,短片・手书・配音
2444757,大蝈小酱re,https://space.bilibili.com/2444757,3415.8,344522,-83.0,-0.02%,生活,搞笑
38089455,云锦同学,https://space.bilibili.com/38089455,3250.2,73433,-83.0,-0.11%,知识,校园学习
88409928,柠檬遇上泥,https://space.bilibili.com/88409928,3422.5,360073,-83.0,-0.02%,美食,美食制作
476489050,家常菜-刘凯,https://space.bilibili.com/476489050,3269.2,79666,-82.0,-0.10%,美食,美食制作
189440666,LGD诚c,https://space.bilibili.com/189440666,3380.1,240721,-82.0,-0.03%,游戏,手机游戏
50426155,王大境泽,https://space.bilibili.com/50426155,3439,1273870,-82.0,-0.01%,生活,日常
489180701,夸克研究员,https://space.bilibili.com/489180701,2884,19836,-82.0,-0.41%,生活,搞笑
617285,芒果冰OL,https://space.bilibili.com/617285,3468.8,2171250,-82.0,0.00%,游戏,网络游戏
15834498,拂H坊,https://space.bilibili.com/15834498,3450,1020037,-82.0,-0.01%,生活,日常
96852523,古月大果子,https://space.bilibili.com/96852523,3436.1,614919,-82.0,-0.01%,时尚,美妆
59476849,平凡的巴达,https://space.bilibili.com/59476849,3415.3,415295,-82.0,-0.02%,生活,搞笑
3342143,六伊益达,https://space.bilibili.com/3342143,3396.6,290452,-81.0,-0.03%,游戏,电子竞技
331991614,吉吉国民拉克丝,https://space.bilibili.com/331991614,3384.7,245833,-81.0,-0.03%,游戏,电子竞技
384328284,信口开饭,https://space.bilibili.com/384328284,3418.4,549058,-81.0,-0.01%,美食,美食测评
524214730,香香-三国志幻想大陆,https://space.bilibili.com/524214730,3408.3,425331,-81.0,-0.02%,游戏,手机游戏
5276,开门啦你的小初快递,https://space.bilibili.com/5276,3436.4,599091,-81.0,-0.01%,舞蹈,明星舞蹈
10413744,ADC芒果,https://space.bilibili.com/10413744,3423.6,390449,-81.0,-0.02%,时尚,美妆
432823413,白游医,https://space.bilibili.com/432823413,3362.7,186994,-81.0,-0.04%,游戏,单机游戏
591410235,娄艺潇,https://space.bilibili.com/591410235,3422.3,434044,-81.0,-0.02%,娱乐,明星
30456794,雯方WenFang,https://space.bilibili.com/30456794,3395.6,287039,-80.0,-0.03%,时尚,美妆
23155481,一点荧惑,https://space.bilibili.com/23155481,3218.3,56165,-80.0,-0.14%,生活,绘画
259288038,Withmeiying,https://space.bilibili.com/259288038,3422.1,543441,-80.0,-0.01%,生活,日常
64925986,大佬甜er,https://space.bilibili.com/64925986,3457,1365961,-80.0,-0.01%,时尚,美妆
30821586,MYBY孟言布语,https://space.bilibili.com/30821586,3410.3,375377,-80.0,-0.02%,生活,日常
319341196,恭喜这个B站的用户,https://space.bilibili.com/319341196,3396.3,301661,-80.0,-0.03%,知识,科学科普
102734471,AutoFull傲风电竞椅,https://space.bilibili.com/102734471,3309.2,114003,-79.0,-0.07%,游戏,电子竞技
10897973,小透明阿九,https://space.bilibili.com/10897973,3444.3,851016,-79.0,-0.01%,动画,短片・手书・配音
48095842,开架大王男仔,https://space.bilibili.com/48095842,3418.6,430520,-79.0,-0.02%,时尚,美妆
18306025,摩尔家的陈泰山,https://space.bilibili.com/18306025,3424.7,602606,-79.0,-0.01%,时尚,风尚标
18690024,-阿健-,https://space.bilibili.com/18690024,3459.7,721742,-79.0,-0.01%,知识,社科・法律・心理
8156551,卿暮,https://space.bilibili.com/8156551,3386.9,284915,-79.0,-0.03%,生活,搞笑
26673659,林尔达,https://space.bilibili.com/26673659,3418.8,490067,-79.0,-0.02%,生活,日常
36207566,振的号,https://space.bilibili.com/36207566,3430.8,557355,-78.0,-0.01%,美食,美食制作
2103351,双笙子,https://space.bilibili.com/2103351,3481.2,1564206,-78.0,0.00%,音乐,原创音乐
22309487,夏厨陈二十,https://space.bilibili.com/22309487,3416.6,443150,-78.0,-0.02%,美食,美食制作
427457465,万灵启源,https://space.bilibili.com/427457465,3393.4,312537,-78.0,-0.02%,游戏,手机游戏
394071338,溅本尊,https://space.bilibili.com/394071338,3437.2,467738,-78.0,-0.02%,美食,美食制作
17996988,免子队长油百万,https://space.bilibili.com/17996988,3391.2,283075,-78.0,-0.03%,知识,校园学习
306455387,黑鲨游戏手机,https://space.bilibili.com/306455387,3405.9,353529,-78.0,-0.02%,科技,数码
7068725,_小魂_,https://space.bilibili.com/7068725,3447,535908,-78.0,-0.01%,音乐,原创音乐
92241267,白话频道,https://space.bilibili.com/92241267,3301,104554,-78.0,-0.07%,知识,社科・法律・心理
515019371,知安局,https://space.bilibili.com/515019371,3398.4,312564,-78.0,-0.02%,知识,科学科普
1774758,青衣才不是御姐呢,https://space.bilibili.com/1774758,3442.4,821468,-77.0,-0.01%,生活,日常
402754623,4AM电子竞技俱乐部,https://space.bilibili.com/402754623,3352.1,171294,-77.0,-0.04%,游戏,电子竞技
14082,山新,https://space.bilibili.com/14082,3450.2,1365039,-77.0,-0.01%,生活,搞笑
611693868,我的爸爸是条龙哦,https://space.bilibili.com/611693868,3438.2,1244133,-77.0,-0.01%,动画,短片・手书・配音
430508390,探索鸭,https://space.bilibili.com/430508390,3416.7,466257,-77.0,-0.02%,知识,科学科普
361542489,广|老陈,https://space.bilibili.com/361542489,3336.5,140188,-76.0,-0.05%,科技,数码
21620236,十万个内涵图,https://space.bilibili.com/21620236,3399.6,332516,-76.0,-0.02%,生活,其他
173947574,好奇五先生,https://space.bilibili.com/173947574,3435.5,854550,-76.0,-0.01%,生活,日常
59173783,牧童说,https://space.bilibili.com/59173783,3419.8,562276,-76.0,-0.01%,游戏,手机游戏
777964,奶茶☆,https://space.bilibili.com/777964,3374.3,210531,-76.0,-0.04%,游戏,单机游戏
3306866,养乌龙猫的欠欠,https://space.bilibili.com/3306866,3381.5,234411,-76.0,-0.03%,生活,日常
75332918,闪闪红星熊队长,https://space.bilibili.com/75332918,3065.5,33185,-76.0,-0.23%,生活,日常
30247793,火研の拖更,https://space.bilibili.com/30247793,3315.9,119678,-76.0,-0.06%,游戏,手机游戏
329360018,布鲁Sir_,https://space.bilibili.com/329360018,3432.8,568808,-76.0,-0.01%,游戏,单机游戏
2745073,氪金氪金氪,https://space.bilibili.com/2745073,3400.9,334554,-76.0,-0.02%,游戏,手机游戏
644292680,林华凌的日常,https://space.bilibili.com/644292680,3416,474566,-76.0,-0.02%,生活,搞笑
390783979,重装战姬,https://space.bilibili.com/390783979,3407.1,410911,-76.0,-0.02%,游戏,手机游戏
549472400,我S非凡哥-麦长青,https://space.bilibili.com/549472400,3451.4,704399,-76.0,-0.01%,娱乐,明星
364225566,战斗吧歌姬官方账号,https://space.bilibili.com/364225566,3408.8,289387,-75.0,-0.03%,动画,综合
312030557,央视网,https://space.bilibili.com/312030557,3435.5,913334,-75.0,-0.01%,资讯,社会
311422673,此间无双i,https://space.bilibili.com/311422673,3221.9,62034,-75.0,-0.12%,影视,影视杂谈
100022032,橘子怪丶,https://space.bilibili.com/100022032,3409.6,396669,-75.0,-0.02%,游戏,电子竞技
471870511,惊天碉堡团,https://space.bilibili.com/471870511,3396.3,310483,-75.0,-0.02%,生活,搞笑
454802537,阿志-三国志战略版,https://space.bilibili.com/454802537,3383.1,257154,-75.0,-0.03%,游戏,手机游戏
286631646,带篮子官方-,https://space.bilibili.com/286631646,3438,904302,-75.0,-0.01%,生活,日常
415948355,TT英雄联盟分部,https://space.bilibili.com/415948355,3278.9,85400,-75.0,-0.09%,游戏,电子竞技
11139681,街头艺人小高,https://space.bilibili.com/11139681,3477.7,942183,-75.0,-0.01%,音乐,音乐现场
13357338,小巨人猪大星,https://space.bilibili.com/13357338,3442.9,464016,-75.0,-0.02%,鬼畜,人力VOCALOID
521689911,魔术特白,https://space.bilibili.com/521689911,3403.1,365613,-75.0,-0.02%,知识,野生技能协会
34742753,罗某人Kakkoii,https://space.bilibili.com/34742753,3381.9,232746,-74.0,-0.03%,游戏,电子竞技
39247212,酷酷的滕,https://space.bilibili.com/39247212,3435.3,864481,-74.0,-0.01%,生活,搞笑
383444910,尤超白,https://space.bilibili.com/383444910,3480.2,1044601,-74.0,-0.01%,音乐,原创音乐
6092812,伤影灬,https://space.bilibili.com/6092812,3434.6,524609,-74.0,-0.01%,影视,影视杂谈
449825072,高冷小姜,https://space.bilibili.com/449825072,3448.8,857495,-74.0,-0.01%,生活,搞笑
7295246,JKAI杰凯,https://space.bilibili.com/7295246,3503.8,1208880,-74.0,-0.01%,音乐,翻唱
7930508,今天主播直播了吗,https://space.bilibili.com/7930508,3031.1,29971,-74.0,-0.25%,游戏,电子竞技
408715466,黎明觉醒,https://space.bilibili.com/408715466,3374.3,220786,-74.0,-0.03%,游戏,手机游戏
1212641828,AMPISOUND,https://space.bilibili.com/1212641828,3401.1,337605,-74.0,-0.02%,运动,运动综合
30580510,是白米不是黑米,https://space.bilibili.com/30580510,3419.5,390942,-73.0,-0.02%,游戏,单机游戏
261530767,翠西Tracey,https://space.bilibili.com/261530767,3358.7,169525,-73.0,-0.04%,生活,日常
344194038,Kiwi是个字幕君,https://space.bilibili.com/344194038,3409.3,347997,-73.0,-0.02%,生活,搞笑
300671491,人人电影网,https://space.bilibili.com/300671491,3386.6,247421,-73.0,-0.03%,影视,预告・资讯
11061327,小夏哒独炊札记,https://space.bilibili.com/11061327,3447.4,873307,-73.0,-0.01%,美食,美食制作
96209794,DLT大团长,https://space.bilibili.com/96209794,2886.7,19881,-73.0,-0.37%,游戏,单机游戏
618624957,兔叭咯的星期五,https://space.bilibili.com/618624957,3383.7,239524,-73.0,-0.03%,时尚,美妆
274459325,方山厨子,https://space.bilibili.com/274459325,3426.2,629468,-73.0,-0.01%,生活,搞笑
670749665,经费不足的胖胖,https://space.bilibili.com/670749665,3380.1,245901,-73.0,-0.03%,美食,美食测评
535031202,蚂蚁森林君,https://space.bilibili.com/535031202,3301.4,108293,-73.0,-0.07%,生活,日常
25140255,大LOGO吃不垮,https://space.bilibili.com/25140255,3391.6,294683,-73.0,-0.02%,美食,美食侦探
696806207,TK张世臻自驾环球中,https://space.bilibili.com/696806207,3396,316598,-73.0,-0.02%,生活,日常
672346917,向晚大魔王,https://space.bilibili.com/672346917,3446.8,576730,-73.0,-0.01%,动画,综合
3715011,王柴柴效应,https://space.bilibili.com/3715011,3417.4,391314,-72.0,-0.02%,时尚,美妆
391912170,LOL陪玩酱,https://space.bilibili.com/391912170,3406.2,383454,-72.0,-0.02%,游戏,电子竞技
21056945,怎么都能钩中你,https://space.bilibili.com/21056945,3398.1,325470,-72.0,-0.02%,游戏,电子竞技
222802531,芝士蜜蜜啦,https://space.bilibili.com/222802531,3420.7,538201,-72.0,-0.01%,游戏,电子竞技
470286793,半吨先生,https://space.bilibili.com/470286793,3403.1,340674,-72.0,-0.02%,美食,美食制作
38920056,急支糖浆就是我,https://space.bilibili.com/38920056,3435.3,818906,-72.0,-0.01%,游戏,手机游戏
32426113,肖恩看,https://space.bilibili.com/32426113,3395.5,265634,-72.0,-0.03%,知识,人文历史
526579291,爱丽丝的衣橱,https://space.bilibili.com/526579291,3356.2,176994,-72.0,-0.04%,游戏,手机游戏
20563394,CarryLeeS大大,https://space.bilibili.com/20563394,2790.5,16239,-72.0,-0.44%,游戏,电子竞技
339800866,双生视界,https://space.bilibili.com/339800866,3426.4,699555,-72.0,-0.01%,游戏,手机游戏
2735036,郭享耳儿,https://space.bilibili.com/2735036,3420.2,502613,-72.0,-0.01%,时尚,美妆
350001139,四叶草剧场,https://space.bilibili.com/350001139,3401.8,320922,-72.0,-0.02%,游戏,手机游戏
30588461,四月制作,https://space.bilibili.com/30588461,3397,326126,-71.0,-0.02%,游戏,网络游戏
35372675,宇哥讲电影,https://space.bilibili.com/35372675,3434.9,737455,-71.0,-0.01%,影视,影视杂谈
284453579,九号公司,https://space.bilibili.com/284453579,3289.4,96537,-71.0,-0.07%,生活,日常
270744005,九张白纸,https://space.bilibili.com/270744005,3308.1,95606,-71.0,-0.07%,知识,社科・法律・心理
429251,大宝剑联盟,https://space.bilibili.com/429251,3466.1,945612,-71.0,-0.01%,娱乐,综艺
406425799,老图丁,https://space.bilibili.com/406425799,3346.2,157834,-71.0,-0.04%,科技,数码
153921730,skezzphonic88,https://space.bilibili.com/153921730,3345.4,144684,-71.0,-0.05%,音乐,音乐综合
13434,奇淦媸,https://space.bilibili.com/13434,2788.8,15880,-71.0,-0.45%,番剧,官方延伸
451618887,艺术家阿克曼,https://space.bilibili.com/451618887,3442.4,1171707,-71.0,-0.01%,游戏,电子竞技
82483195,暴雪游戏频道,https://space.bilibili.com/82483195,3395,311201,-71.0,-0.02%,游戏,电子竞技
28712292,胡狼工作室,https://space.bilibili.com/28712292,3385.9,228080,-71.0,-0.03%,娱乐,明星
485724855,艘,https://space.bilibili.com/485724855,3393.3,294461,-71.0,-0.02%,生活,日常
10739499,小锋1996,https://space.bilibili.com/10739499,2846.8,18059,-71.0,-0.39%,游戏,手机游戏
31225950,不是柯桑德,https://space.bilibili.com/31225950,3452.7,1853997,-71.0,0.00%,生活,日常
386215728,朵妞,https://space.bilibili.com/386215728,3402.6,319093,-70.0,-0.02%,生活,其他
383612178,小五奇谈,https://space.bilibili.com/383612178,3286.8,94083,-70.0,-0.07%,知识,社科・法律・心理
397540531,不知耻の紫烟老师,https://space.bilibili.com/397540531,3430.9,537077,-70.0,-0.01%,游戏,单机游戏
12239790,一只山羊咩咩咩,https://space.bilibili.com/12239790,3378.1,227017,-70.0,-0.03%,美食,美食记录
733622,云紫Sama,https://space.bilibili.com/733622,3432.4,503065,-70.0,-0.01%,游戏,单机游戏
545424466,高能手办团,https://space.bilibili.com/545424466,3413.7,493813,-70.0,-0.01%,游戏,手机游戏
9030440,修一j,https://space.bilibili.com/9030440,3431.7,633487,-70.0,-0.01%,知识,野生技能协会
7475950,豆砸OwO,https://space.bilibili.com/7475950,3418.4,434396,-70.0,-0.02%,动画,
503492801,海浪船长,https://space.bilibili.com/503492801,3327.3,137016,-70.0,-0.05%,游戏,电子竞技
678905163,白小楠二号,https://space.bilibili.com/678905163,3416.3,451198,-70.0,-0.02%,动画,短片・手书・配音
430654092,软糖小悦,https://space.bilibili.com/430654092,3322.8,128217,-69.0,-0.05%,生活,其他
246534959,cram阿强,https://space.bilibili.com/246534959,3416.2,462290,-69.0,-0.01%,美食,美食记录
19584552,CCheny6,https://space.bilibili.com/19584552,3447.4,2079686,-69.0,0.00%,游戏,单机游戏
28114396,汪の大白,https://space.bilibili.com/28114396,3402.1,324202,-69.0,-0.02%,生活,搞笑
5734089,Yp杨英鹏,https://space.bilibili.com/5734089,3429.7,559322,-69.0,-0.01%,生活,搞笑
94508565,牛事,https://space.bilibili.com/94508565,3441.6,768548,-69.0,-0.01%,影视,短片
8883446,琪露诺夫斯基,https://space.bilibili.com/8883446,3431.5,742891,-69.0,-0.01%,游戏,单机游戏
29673645,川渝小可爱邓邓,https://space.bilibili.com/29673645,3356.4,178360,-69.0,-0.04%,生活,日常
4779198,九品芝麻铲屎官,https://space.bilibili.com/4779198,3445.3,883514,-69.0,-0.01%,动物圈,喵星人
95411213,网瘾少女小肥酱,https://space.bilibili.com/95411213,3416.1,460063,-69.0,-0.01%,游戏,电子竞技
697747458,xiao小忠哥,https://space.bilibili.com/697747458,3177.8,50872,-69.0,-0.14%,生活,搞笑
614320742,林听北_,https://space.bilibili.com/614320742,3381.3,221804,-69.0,-0.03%,生活,搞笑
396691357,腾讯QQ,https://space.bilibili.com/396691357,3382.2,239668,-69.0,-0.03%,生活,搞笑
318021536,中国网直播,https://space.bilibili.com/318021536,3406.8,384108,-69.0,-0.02%,资讯,社会
480410850,宝石幻想光芒重现手游,https://space.bilibili.com/480410850,3361.5,196525,-69.0,-0.04%,游戏,手机游戏
362123499,虎牙丶杨某人,https://space.bilibili.com/362123499,3352.2,164052,-68.0,-0.04%,游戏,手机游戏
367409090,星辰竹鼠,https://space.bilibili.com/367409090,3403,359377,-68.0,-0.02%,生活,日常
397685090,黑洞男孩,https://space.bilibili.com/397685090,3406.2,366127,-68.0,-0.02%,生活,搞笑
449087109,在下钟薛高,https://space.bilibili.com/449087109,3399.3,319118,-68.0,-0.02%,美食,美食制作
549117578,大闲人贾白,https://space.bilibili.com/549117578,3440.4,872765,-68.0,-0.01%,知识,财经商业
454560170,住范儿,https://space.bilibili.com/454560170,3442.7,1669452,-68.0,0.00%,生活,家居房产
1872628,枫言w,https://space.bilibili.com/1872628,3394.8,295299,-68.0,-0.02%,游戏,手机游戏
87283745,顺子Chloe,https://space.bilibili.com/87283745,3387.5,241791,-68.0,-0.03%,生活,日常
673766663,惨爆了阿浩,https://space.bilibili.com/673766663,3412.6,439740,-68.0,-0.02%,生活,搞笑
33918431,喵来啦_,https://space.bilibili.com/33918431,3435.2,889481,-68.0,-0.01%,动物圈,喵星人
1864366,黑哲君,https://space.bilibili.com/1864366,3401.7,307904,-68.0,-0.02%,游戏,手机游戏
36231663,杏仁眼_Miu,https://space.bilibili.com/36231663,3399.9,291479,-68.0,-0.02%,时尚,美妆
352746284,汪海林,https://space.bilibili.com/352746284,3421.5,426629,-68.0,-0.02%,影视,影视杂谈
31814567,小明不背锅,https://space.bilibili.com/31814567,3434.7,965370,-67.0,-0.01%,汽车,汽车生活
328303954,梢昂胫_nZk,https://space.bilibili.com/328303954,3478,1375197,-67.0,0.00%,音乐,音乐现场
286980475,聚划算,https://space.bilibili.com/286980475,3379.5,212835,-67.0,-0.03%,动画,短片・手书・配音
320195588,鲸鱼要好好学习呀,https://space.bilibili.com/320195588,3438,630021,-67.0,-0.01%,娱乐,明星
13733433,PB阿星儿,https://space.bilibili.com/13733433,3454.4,719541,-67.0,-0.01%,音乐,演奏
442024884,丁丹爱唱歌,https://space.bilibili.com/442024884,3380.5,233019,-67.0,-0.03%,音乐,翻唱
536773688,小染TuT,https://space.bilibili.com/536773688,3422.5,548836,-67.0,-0.01%,游戏,电子竞技
291296062,猫宫日向Official,https://space.bilibili.com/291296062,3421.4,461420,-67.0,-0.01%,游戏,单机游戏
92628687,专注秃头九百年,https://space.bilibili.com/92628687,3428.3,598137,-67.0,-0.01%,美食,美食制作
481495796,土拨鼠___,https://space.bilibili.com/481495796,3419.6,489136,-67.0,-0.01%,生活,日常
23506112,星，月，夜，小丑,https://space.bilibili.com/23506112,3364.2,161341,-67.0,-0.04%,游戏,单机游戏
587840959,毛戈平,https://space.bilibili.com/587840959,3439.3,858817,-67.0,-0.01%,时尚,美妆
278161237,刘布宝,https://space.bilibili.com/278161237,3387.5,273816,-66.0,-0.02%,动物圈,汪星人
374692347,悦耳声乐小课堂,https://space.bilibili.com/374692347,3440.3,651345,-66.0,-0.01%,音乐,音乐综合
11793131,KILLLER绅士,https://space.bilibili.com/11793131,3427,519929,-66.0,-0.01%,生活,搞笑
102852844,炉石笨笨老师,https://space.bilibili.com/102852844,2705.7,13698,-66.0,-0.48%,游戏,电子竞技
434677926,小y王者解说,https://space.bilibili.com/434677926,3419.6,522211,-66.0,-0.01%,游戏,电子竞技
14542573,心也北小雨,https://space.bilibili.com/14542573,3387.3,248917,-66.0,-0.03%,生活,日常
485703766,NVIDIA英伟达官方账号,https://space.bilibili.com/485703766,3420,429491,-66.0,-0.02%,游戏,单机游戏
394205865,吃土数码汪,https://space.bilibili.com/394205865,3388.8,267473,-66.0,-0.02%,科技,数码
109319230,卡密达Who,https://space.bilibili.com/109319230,3361.6,187840,-66.0,-0.04%,动画,特摄
660572973,张金条,https://space.bilibili.com/660572973,3428.1,705755,-66.0,-0.01%,生活,搞笑
244801129,泡菜女博士郑晓贞,https://space.bilibili.com/244801129,3367.2,198059,-66.0,-0.03%,生活,日常
205515765,炎炎一日,https://space.bilibili.com/205515765,2570.6,10928,-66.0,-0.60%,生活,日常
364605395,暗部世界,https://space.bilibili.com/364605395,3434.7,716260,-65.0,-0.01%,生活,日常
202724145,郭正正_,https://space.bilibili.com/202724145,3405.1,267676,-65.0,-0.02%,音乐,翻唱
798527,信徒Shinja,https://space.bilibili.com/798527,3430.5,554243,-65.0,-0.01%,游戏,单机游戏
13114261,-STA-,https://space.bilibili.com/13114261,3415.3,446230,-65.0,-0.01%,生活,搞笑
401748416,抗白六代目,https://space.bilibili.com/401748416,3395.4,197531,-65.0,-0.03%,音乐,音乐现场
634131,肥皂菌丨珉珉的猫咪丨,https://space.bilibili.com/634131,3453.5,597218,-65.0,-0.01%,音乐,原创音乐
279001693,老司机club,https://space.bilibili.com/279001693,2791.9,16286,-65.0,-0.40%,生活,日常
1833159554,佟悦佟悦,https://space.bilibili.com/1833159554,3388.4,271396,-65.0,-0.02%,生活,搞笑
328285226,火树银花的花大侠,https://space.bilibili.com/328285226,3446.7,378102,-64.0,-0.02%,音乐,翻唱
310611580,鹤灵Healing,https://space.bilibili.com/310611580,3429.9,584727,-64.0,-0.01%,时尚,美妆
379212280,东市书社,https://space.bilibili.com/379212280,3121.7,40330,-64.0,-0.16%,时尚,健身
422738680,北大孔亦学长,https://space.bilibili.com/422738680,3380,204407,-64.0,-0.03%,知识,校园学习
430758745,澈澈不是激激,https://space.bilibili.com/430758745,3366.2,197361,-64.0,-0.03%,游戏,电子竞技
101156492,LGD电子竞技俱乐部,https://space.bilibili.com/101156492,3281.6,89998,-64.0,-0.07%,游戏,电子竞技
109586062,江西共青团,https://space.bilibili.com/109586062,3409.2,396043,-64.0,-0.02%,资讯,社会
434432822,爱手工的小圆子,https://space.bilibili.com/434432822,3380.3,240105,-64.0,-0.03%,生活,手工
5626845,朴冉,https://space.bilibili.com/5626845,3412.8,351368,-64.0,-0.02%,音乐,原创音乐
494080575,天边的老白,https://space.bilibili.com/494080575,3372.6,194120,-64.0,-0.03%,生活,日常
7263131,人形鹿头自走炮,https://space.bilibili.com/7263131,3221.8,62587,-64.0,-0.10%,游戏,网络游戏
502893941,平安银行,https://space.bilibili.com/502893941,3319.9,120608,-64.0,-0.05%,动画,短片・手书・配音
12013676,Nao_奶黄包_,https://space.bilibili.com/12013676,2843.4,17867,-64.0,-0.36%,舞蹈,舞蹈综合
628692407,JungleSurvival,https://space.bilibili.com/628692407,3411.5,380760,-64.0,-0.02%,生活,手工
2654466,猫幼cattyo,https://space.bilibili.com/2654466,3389.7,272577,-63.0,-0.02%,生活,日常
1679360,T牙君,https://space.bilibili.com/1679360,3350.4,144887,-63.0,-0.04%,生活,绘画
398597377,贝乐泰是冠军,https://space.bilibili.com/398597377,3424.1,446913,-63.0,-0.01%,生活,日常
24648298,金啊涛,https://space.bilibili.com/24648298,3410.6,377577,-63.0,-0.02%,动物圈,汪星人
478848489,绯石之心官方,https://space.bilibili.com/478848489,3310.3,119351,-63.0,-0.05%,游戏,手机游戏
470909483,农村人武狂,https://space.bilibili.com/470909483,3395.2,299717,-63.0,-0.02%,生活,日常
395667565,啊毛amaoa,https://space.bilibili.com/395667565,3413.8,404279,-63.0,-0.02%,时尚,美妆
545433105,天猫国际,https://space.bilibili.com/545433105,3302.7,98098,-63.0,-0.06%,动画,短片・手书・配音
93818959,浪客九歌,https://space.bilibili.com/93818959,3400.7,338473,-63.0,-0.02%,游戏,手机游戏
8621462,臭豆腐556,https://space.bilibili.com/8621462,3398.2,317643,-63.0,-0.02%,生活,搞笑
256763,穿胖次的狐狸,https://space.bilibili.com/256763,3440.8,1030875,-63.0,-0.01%,游戏,单机游戏
480423911,秋叶Excel,https://space.bilibili.com/480423911,3424.4,565469,-63.0,-0.01%,知识,野生技能协会
306805,小小☆精灵,https://space.bilibili.com/306805,3434.3,424302,-62.0,-0.01%,动画,MAD・AMV
306286971,金政基工作室,https://space.bilibili.com/306286971,3393.6,277903,-62.0,-0.02%,生活,绘画
381718532,山海镜花,https://space.bilibili.com/381718532,3393.3,312571,-62.0,-0.02%,游戏,手机游戏
18609890,菠萝赛东的亚洲猛男,https://space.bilibili.com/18609890,3410,416684,-62.0,-0.01%,生活,搞笑
15967711,油兔不二字幕组,https://space.bilibili.com/15967711,3457.3,1827702,-62.0,0.00%,知识,科学科普
203440722,WithCyndi王心凌陪伴站,https://space.bilibili.com/203440722,3383.8,242408,-62.0,-0.03%,娱乐,明星
242015690,嘿人李逵,https://space.bilibili.com/242015690,3234.8,65704,-62.0,-0.09%,音乐,翻唱
241449231,你家小叶哥,https://space.bilibili.com/241449231,3404.5,343266,-62.0,-0.02%,生活,日常
483132647,LOL瓶子,https://space.bilibili.com/483132647,3379.9,237053,-62.0,-0.03%,游戏,电子竞技
480940351,腾讯,https://space.bilibili.com/480940351,3423.1,428179,-62.0,-0.01%,生活,日常
72564776,阿芽想吃菠萝油,https://space.bilibili.com/72564776,3332.9,127730,-62.0,-0.05%,舞蹈,明星舞蹈
86639274,四川话小菠萝,https://space.bilibili.com/86639274,3381.8,241011,-62.0,-0.03%,生活,搞笑
591824904,一棵菠萝的啵,https://space.bilibili.com/591824904,3356.7,169977,-62.0,-0.04%,生活,日常
442426299,琴吹_official,https://space.bilibili.com/442426299,3394.4,238915,-62.0,-0.03%,动画,综合
288370255,JIA孟佳,https://space.bilibili.com/288370255,3369.6,182377,-62.0,-0.03%,娱乐,明星
194128,赖美云,https://space.bilibili.com/194128,3436.7,511706,-62.0,-0.01%,娱乐,明星
440985225,はぶてるOfficial,https://space.bilibili.com/440985225,3410.4,327058,-62.0,-0.02%,音乐,翻唱
220333057,狠人大肚,https://space.bilibili.com/220333057,3412.3,429710,-62.0,-0.01%,生活,日常
195130353,YYUT新搬运,https://space.bilibili.com/195130353,3104.2,36991,-62.0,-0.17%,生活,日常
550462687,wine45,https://space.bilibili.com/550462687,3365.8,192788,-62.0,-0.03%,时尚,服饰
551567343,小晶晶软糖,https://space.bilibili.com/551567343,3367.5,214471,-62.0,-0.03%,生活,其他
305642157,药水哥y,https://space.bilibili.com/305642157,3427.4,595365,-61.0,-0.01%,生活,搞笑
32375398,下雪の夜晚,https://space.bilibili.com/32375398,3355.3,168481,-61.0,-0.04%,游戏,手机游戏
380829248,花园Serena,https://space.bilibili.com/380829248,3437.7,608483,-61.0,-0.01%,动画,综合
397593453,y东锅果,https://space.bilibili.com/397593453,3400.8,341400,-61.0,-0.02%,游戏,单机游戏
406875152,守望先锋挑战者系列赛,https://space.bilibili.com/406875152,3365,198805,-61.0,-0.03%,游戏,电子竞技
44714611,东子超人,https://space.bilibili.com/44714611,3418.2,520042,-61.0,-0.01%,游戏,电子竞技
431047137,奇异小北,https://space.bilibili.com/431047137,3454.6,870763,-61.0,-0.01%,美食,美食制作
332268399,锯齿兽n,https://space.bilibili.com/332268399,3327.5,125964,-61.0,-0.05%,生活,日常
8192168,叶落莫言,https://space.bilibili.com/8192168,3411.4,327132,-61.0,-0.02%,游戏,电子竞技
37950062,硬核资本论,https://space.bilibili.com/37950062,3416.2,465065,-61.0,-0.01%,知识,财经商业
1428923,小鱼一图流,https://space.bilibili.com/1428923,3355.6,176422,-61.0,-0.03%,游戏,电子竞技
698927104,浣熊旋风,https://space.bilibili.com/698927104,3423.7,538485,-61.0,-0.01%,动物圈,动物综合
474849572,十五喵金融,https://space.bilibili.com/474849572,3423.3,434122,-61.0,-0.01%,知识,财经商业
89522842,品味新疆,https://space.bilibili.com/89522842,3427.2,681353,-61.0,-0.01%,美食,美食侦探
298297297,唯美De小蜗牛,https://space.bilibili.com/298297297,3299.5,99021,-61.0,-0.06%,游戏,单机游戏
676658000,蜜蜂天使king,https://space.bilibili.com/676658000,3292.1,100041,-61.0,-0.06%,游戏,电子竞技
593796283,鱼鸭鸭_,https://space.bilibili.com/593796283,2864.3,19065,-61.0,-0.32%,游戏,电子竞技
626947750,李沁,https://space.bilibili.com/626947750,3401.2,308913,-61.0,-0.02%,娱乐,明星
12196522,zy戏精学院院长,https://space.bilibili.com/12196522,3399.2,326063,-60.0,-0.02%,生活,搞笑
100238104,bili保安蜀黍,https://space.bilibili.com/100238104,3421.7,501124,-60.0,-0.01%,生活,日常
161750562,英雄麦克疯工作室,https://space.bilibili.com/161750562,3355.8,179924,-60.0,-0.03%,游戏,电子竞技
205584534,蕉绿不焦虑,https://space.bilibili.com/205584534,3347.7,163714,-60.0,-0.04%,游戏,桌游棋牌
200903609,野生大厨,https://space.bilibili.com/200903609,3413.7,378349,-60.0,-0.02%,美食,美食制作
473840157,探秘timemeetme,https://space.bilibili.com/473840157,2845.5,18196,-60.0,-0.33%,科技,数码
470672374,黑冰科技,https://space.bilibili.com/470672374,3368.9,207932,-60.0,-0.03%,科技,数码
76512988,最想念der季节,https://space.bilibili.com/76512988,3380.6,223025,-60.0,-0.03%,动画,综合
426074203,空想a,https://space.bilibili.com/426074203,2874.5,19453,-60.0,-0.31%,游戏,手机游戏
271872444,汤几一,https://space.bilibili.com/271872444,3435.5,803236,-60.0,-0.01%,时尚,美妆
26311441,一咸菊菊,https://space.bilibili.com/26311441,3472.9,692976,-60.0,-0.01%,鬼畜,鬼畜调教
222190390,文真则-文先生,https://space.bilibili.com/222190390,3308.2,110600,-60.0,-0.05%,游戏,单机游戏
390371228,知心者联盟,https://space.bilibili.com/390371228,3467.2,1591267,-60.0,0.00%,知识,科学科普
234356177,PP体育官方,https://space.bilibili.com/234356177,3310.5,112418,-60.0,-0.05%,运动,竞技体育
389732356,__梦依,https://space.bilibili.com/389732356,3404,359574,-60.0,-0.02%,时尚,服饰
32685766,我是球球菌,https://space.bilibili.com/32685766,3425.8,552443,-60.0,-0.01%,时尚,美妆
677330019,郭仙人,https://space.bilibili.com/677330019,3407.9,389888,-60.0,-0.02%,生活,搞笑
393452741,绮丽水母,https://space.bilibili.com/393452741,3155.2,43080,-60.0,-0.14%,游戏,手机游戏
32660373,逗比的花落鸭,https://space.bilibili.com/32660373,3389.4,272756,-59.0,-0.02%,生活,搞笑
27243621,小梦言ADC,https://space.bilibili.com/27243621,3333.1,140569,-59.0,-0.04%,游戏,电子竞技
383858870,绅士张儿,https://space.bilibili.com/383858870,3429.1,512033,-59.0,-0.01%,生活,日常
382562872,大橙子-橙功上岸,https://space.bilibili.com/382562872,3319,123776,-59.0,-0.05%,生活,日常
58976905,我最喜欢林公子,https://space.bilibili.com/58976905,3353.4,171750,-59.0,-0.03%,游戏,手机游戏
19083748,notes4yisha,https://space.bilibili.com/19083748,3357.7,177436,-59.0,-0.03%,时尚,服饰
5124649,陈瀚Siri,https://space.bilibili.com/5124649,3421.6,549307,-59.0,-0.01%,生活,日常
96579773,十三叔说游戏,https://space.bilibili.com/96579773,3413.6,435351,-59.0,-0.01%,游戏,手机游戏
668006664,乐乐自信一点,https://space.bilibili.com/668006664,3376,220928,-59.0,-0.03%,游戏,电子竞技
359663376,kou仔,https://space.bilibili.com/359663376,3388.8,260609,-59.0,-0.02%,游戏,单机游戏
17604510,H爱的夏,https://space.bilibili.com/17604510,3398.8,324105,-59.0,-0.02%,生活,运动
3562949,生活就是画画画,https://space.bilibili.com/3562949,3455.1,1632503,-58.0,0.00%,生活,绘画
12855005,柿子菌meow,https://space.bilibili.com/12855005,3441.8,1442003,-58.0,0.00%,动物圈,喵星人
14049512,冬雨QAQ,https://space.bilibili.com/14049512,3324.6,127869,-58.0,-0.05%,游戏,电子竞技
256283682,奇趣研究,https://space.bilibili.com/256283682,3414.5,468376,-58.0,-0.01%,知识,社科・法律・心理
439004951,一束光开始,https://space.bilibili.com/439004951,3447.9,461830,-58.0,-0.01%,生活,日常
456144112,康雅雅ya,https://space.bilibili.com/456144112,3373,212429,-58.0,-0.03%,时尚,美妆
495134012,在下邦德老师,https://space.bilibili.com/495134012,3411.5,348500,-58.0,-0.02%,生活,日常
268035532,南光Nanlite,https://space.bilibili.com/268035532,3297.1,97368,-58.0,-0.06%,科技,数码
297991412,和微联盟电脑科技,https://space.bilibili.com/297991412,3432.3,651654,-58.0,-0.01%,科技,数码
3989101,袜子ψ(｀??)ψ,https://space.bilibili.com/3989101,3395.2,309015,-58.0,-0.02%,游戏,单机游戏
406731087,Faker日常事,https://space.bilibili.com/406731087,2892,20532,-58.0,-0.28%,游戏,电子竞技
1482610,zzz10258,https://space.bilibili.com/1482610,3404.1,337679,-58.0,-0.02%,动画,综合
4745412,梦可御,https://space.bilibili.com/4745412,3412.7,358911,-58.0,-0.02%,舞蹈,明星舞蹈
403207842,河南民生频道,https://space.bilibili.com/403207842,3370.7,208674,-58.0,-0.03%,资讯,社会
478455738,欧子-姜,https://space.bilibili.com/478455738,3334.1,131678,-58.0,-0.04%,时尚,服饰
346353480,济公爷爷_游本昌,https://space.bilibili.com/346353480,3452.3,926965,-57.0,-0.01%,生活,日常
357801040,Adam短发,https://space.bilibili.com/357801040,3380.1,229125,-57.0,-0.02%,动画,综合
309435,鸽海成路,https://space.bilibili.com/309435,3401.9,341347,-57.0,-0.02%,游戏,手机游戏
18491201,加油小军哥,https://space.bilibili.com/18491201,3425.5,380114,-57.0,-0.01%,美食,美食制作
135589565,博妞_Bonny,https://space.bilibili.com/135589565,3427.2,446605,-57.0,-0.01%,时尚,美妆
443300418,润羽露西娅Official,https://space.bilibili.com/443300418,3370.9,183480,-57.0,-0.03%,动画,综合
45263620,凌琦迥,https://space.bilibili.com/45263620,3254.7,70065,-57.0,-0.08%,动画,MAD・AMV
481415736,BANPRESTO,https://space.bilibili.com/481415736,3299.6,105623,-57.0,-0.05%,动画,手办・模玩
543296770,梅桢小姐姐,https://space.bilibili.com/543296770,3407.2,349061,-57.0,-0.02%,知识,校园学习
502311351,少年王生鲜,https://space.bilibili.com/502311351,3429,531534,-57.0,-0.01%,生活,日常
3998398,秋呗叔岳,https://space.bilibili.com/3998398,3430.8,474266,-57.0,-0.01%,生活,手工
8399076,败犬鲁鲁,https://space.bilibili.com/8399076,3420.3,462630,-57.0,-0.01%,动画,综合
628264879,英雄联盟-猩猩诺手,https://space.bilibili.com/628264879,3378.1,239709,-57.0,-0.02%,游戏,电子竞技
17411953,猎奇笔记本,https://space.bilibili.com/17411953,3421.6,445556,-57.0,-0.01%,影视,影视剪辑
5215731,天府泰剧,https://space.bilibili.com/5215731,3437,802224,-57.0,-0.01%,影视,预告・资讯
384335609,曹小派,https://space.bilibili.com/384335609,3351.4,162777,-57.0,-0.04%,时尚,美妆
395989178,德云社郭德纲相声VIP,https://space.bilibili.com/395989178,3375.1,230838,-57.0,-0.02%,生活,搞笑
690613915,中国大猫频道,https://space.bilibili.com/690613915,3392.7,289758,-57.0,-0.02%,动物圈,野生动物
31748830,影驰科技,https://space.bilibili.com/31748830,3312.3,113763,-56.0,-0.05%,科技,数码
15008797,沐师_,https://space.bilibili.com/15008797,3274,85787,-56.0,-0.07%,游戏,电子竞技
19576610,有苏可卿,https://space.bilibili.com/19576610,3351.2,168950,-56.0,-0.03%,游戏,网络游戏
22257030,前进的Hania,https://space.bilibili.com/22257030,3436.6,557603,-56.0,-0.01%,时尚,美妆
222712093,唐唐频道,https://space.bilibili.com/222712093,3414.5,470315,-56.0,-0.01%,知识,人文历史
13934589,嗨氏丶,https://space.bilibili.com/13934589,3455.2,1336976,-56.0,0.00%,游戏,电子竞技
24065037,太史令小黄鸡,https://space.bilibili.com/24065037,3373.8,193913,-56.0,-0.03%,游戏,电子竞技
439048648,橙新一,https://space.bilibili.com/439048648,3324.1,126609,-56.0,-0.04%,生活,搞笑
476545374,17岁反派里的持枪Boy,https://space.bilibili.com/476545374,3409.6,371443,-56.0,-0.02%,生活,搞笑
7657099,_蕊蕊蕊蕊_,https://space.bilibili.com/7657099,3229.6,60982,-56.0,-0.09%,音乐,翻唱
1643978,真夏zwei,https://space.bilibili.com/1643978,3332.2,140803,-56.0,-0.04%,游戏,网络游戏
250512381,圆肥白,https://space.bilibili.com/250512381,3423.7,533107,-56.0,-0.01%,生活,日常
40539064,-阿莘-,https://space.bilibili.com/40539064,3440.3,825695,-56.0,-0.01%,生活,绘画
556684363,X事件簿,https://space.bilibili.com/556684363,3402.6,372911,-56.0,-0.02%,影视,短片
346342151,杰克辣条,https://space.bilibili.com/346342151,3436.1,419692,-56.0,-0.01%,美食,美食测评
371846699,图灵的猫,https://space.bilibili.com/371846699,3444.8,687326,-56.0,-0.01%,知识,科学科普
576236806,当当创始人李国庆,https://space.bilibili.com/576236806,3268.1,82512,-56.0,-0.07%,知识,职业职场
511035351,快乐爆炸的王惜凯,https://space.bilibili.com/511035351,2677.5,13026,-56.0,-0.43%,游戏,手机游戏
85682906,中国电信青年一派,https://space.bilibili.com/85682906,3394,271946,-56.0,-0.02%,舞蹈,舞蹈综合
601620361,别克,https://space.bilibili.com/601620361,3281.1,87860,-56.0,-0.06%,汽车,汽车生活
53451540,日日仙子酱,https://space.bilibili.com/53451540,3381.1,237359,-56.0,-0.02%,时尚,服饰
508313481,野男子金肯,https://space.bilibili.com/508313481,3418.6,524987,-56.0,-0.01%,生活,搞笑
52281445,百九_十,https://space.bilibili.com/52281445,2604.3,11530,-56.0,-0.49%,动画,MMD・3D
339567211,赤井心Official,https://space.bilibili.com/339567211,3409.1,319149,-55.0,-0.02%,动画,综合
409848580,小七的房车生活,https://space.bilibili.com/409848580,3384,262760,-55.0,-0.02%,生活,日常
41820,肥宅快乐200斤,https://space.bilibili.com/41820,3347.1,156066,-55.0,-0.04%,科技,数码
125907826,燃の歌,https://space.bilibili.com/125907826,3379.1,225576,-55.0,-0.02%,游戏,单机游戏
183430,两仪滚,https://space.bilibili.com/183430,3437.5,972924,-55.0,-0.01%,游戏,单机游戏
148834382,bili_148834382,https://space.bilibili.com/148834382,3380.9,248915,-55.0,-0.02%,生活,搞笑
25231059,超突破手乔治,https://space.bilibili.com/25231059,3412.7,456146,-55.0,-0.01%,游戏,网络游戏
17303815,萌飞色舞,https://space.bilibili.com/17303815,3375.2,213643,-55.0,-0.03%,动画,MAD・AMV
481521029,我是浪胃仙,https://space.bilibili.com/481521029,3391.8,298465,-55.0,-0.02%,美食,美食测评
601199200,琵卡琵,https://space.bilibili.com/601199200,3408.9,342544,-55.0,-0.02%,生活,日常
35225688,9418白给少年,https://space.bilibili.com/35225688,3402,361716,-55.0,-0.02%,游戏,电子竞技
397508,FLAY工作室,https://space.bilibili.com/397508,3416,355120,-55.0,-0.02%,国创,动态漫・广播剧
335076666,GavinThomas,https://space.bilibili.com/335076666,3408.9,381760,-55.0,-0.01%,生活,日常
8034163,浅澄月,https://space.bilibili.com/8034163,3481.2,1196299,-55.0,0.00%,鬼畜,鬼畜剧场
472696991,sky盖盖_,https://space.bilibili.com/472696991,3428,550773,-55.0,-0.01%,时尚,美妆
71302461,知黑科技,https://space.bilibili.com/71302461,3437.9,758998,-55.0,-0.01%,知识,野生技能协会
268990278,啊哈娱乐,https://space.bilibili.com/268990278,3458.4,821485,-55.0,-0.01%,国创,资讯
253992474,蒸汽居士,https://space.bilibili.com/253992474,3423.4,485050,-55.0,-0.01%,游戏,单机游戏
626745877,1人前食堂,https://space.bilibili.com/626745877,3321.5,120596,-55.0,-0.05%,美食,美食制作
647197771,蔡加连,https://space.bilibili.com/647197771,3380.9,233914,-55.0,-0.02%,生活,搞笑
170560057,喜欢玩基金的关注我,https://space.bilibili.com/170560057,3373.6,207066,-55.0,-0.03%,知识,财经商业
551277043,好奇博士,https://space.bilibili.com/551277043,3414.8,386581,-55.0,-0.01%,知识,社科・法律・心理
28654861,污妖呢,https://space.bilibili.com/28654861,3347.5,165203,-55.0,-0.03%,生活,其他
34593274,保彪,https://space.bilibili.com/34593274,3417.7,429768,-55.0,-0.01%,知识,财经商业
347145955,蔡锐佳Tai,https://space.bilibili.com/347145955,2824.8,17432,-55.0,-0.32%,时尚,健身
434760336,低调上传,https://space.bilibili.com/434760336,3411.7,400054,-55.0,-0.01%,生活,日常
294603772,-佰色-,https://space.bilibili.com/294603772,3374.7,185915,-54.0,-0.03%,生活,日常
34781714,桐言爱喝奶茶,https://space.bilibili.com/34781714,3395.4,281188,-54.0,-0.02%,舞蹈,明星舞蹈
166371312,病娇果,https://space.bilibili.com/166371312,3344.3,152815,-54.0,-0.04%,游戏,单机游戏
27201651,飞鸟乐团,https://space.bilibili.com/27201651,3460.2,787903,-54.0,-0.01%,音乐,翻唱
383684359,高冷难神衣锦夜行,https://space.bilibili.com/383684359,3354.2,176813,-54.0,-0.03%,游戏,电子竞技
124522366,聚印象CSGO,https://space.bilibili.com/124522366,3356.4,175127,-54.0,-0.03%,游戏,电子竞技
439248351,蒋同学icon,https://space.bilibili.com/439248351,3422.9,541732,-54.0,-0.01%,生活,日常
4523834,陈布衣_Chen_Buyi,https://space.bilibili.com/4523834,2852.6,18440,-54.0,-0.29%,游戏,单机游戏
207005615,林友辉,https://space.bilibili.com/207005615,3282.9,88135,-54.0,-0.06%,时尚,健身
24626225,玩客锅锅,https://space.bilibili.com/24626225,3421.9,473406,-54.0,-0.01%,科技,数码
78419031,五音不全的橘喵Cat,https://space.bilibili.com/78419031,3413.3,305305,-54.0,-0.02%,生活,搞笑
510066726,次元发电机,https://space.bilibili.com/510066726,3383.9,258194,-54.0,-0.02%,番剧,官方延伸
8756320,拳师小七,https://space.bilibili.com/8756320,3385.6,254143,-54.0,-0.02%,游戏,电子竞技
238727294,yy90163,https://space.bilibili.com/238727294,2855.7,18616,-54.0,-0.29%,游戏,电子竞技
670947295,印度胖娃snjy,https://space.bilibili.com/670947295,3366.1,199703,-54.0,-0.03%,生活,日常
485671471,法医秦明,https://space.bilibili.com/485671471,3426.6,581916,-54.0,-0.01%,知识,科学科普
301705402,人形觉醒官方,https://space.bilibili.com/301705402,3372.4,222577,-54.0,-0.02%,游戏,手机游戏
690312153,军师大乔,https://space.bilibili.com/690312153,3292.7,97599,-54.0,-0.06%,游戏,电子竞技
391837102,小左左zz,https://space.bilibili.com/391837102,3246.3,73483,-54.0,-0.07%,游戏,电子竞技
12968717,铁一WENDYZ,https://space.bilibili.com/12968717,3422.1,404826,-54.0,-0.01%,时尚,美妆
325522570,每天学点开车技巧,https://space.bilibili.com/325522570,3389.9,277987,-53.0,-0.02%,生活,汽车生活
274729325,233历史研究所,https://space.bilibili.com/274729325,3434.2,630945,-53.0,-0.01%,知识,人文历史
384032870,叶子解说世界,https://space.bilibili.com/384032870,3425.8,620782,-53.0,-0.01%,游戏,单机游戏
394606820,DenQ来了,https://space.bilibili.com/394606820,3414.1,331934,-53.0,-0.02%,娱乐,明星
122587586,男妇联,https://space.bilibili.com/122587586,3371.8,214578,-53.0,-0.02%,生活,搞笑
2255740,你的苏暖,https://space.bilibili.com/2255740,3391.5,255099,-53.0,-0.02%,游戏,电子竞技
258844831,CCTV_国家宝藏,https://space.bilibili.com/258844831,3456.5,1109749,-53.0,0.00%,娱乐,综艺
457569848,一鸣探险家,https://space.bilibili.com/457569848,3419.4,446611,-53.0,-0.01%,生活,搞笑
481134817,行吟诗人24,https://space.bilibili.com/481134817,3268.3,82354,-53.0,-0.06%,知识,财经商业
53429754,顾钦尘,https://space.bilibili.com/53429754,3361,188948,-53.0,-0.03%,游戏,电子竞技
5581898,飞碟说,https://space.bilibili.com/5581898,3446.9,1359025,-53.0,0.00%,知识,科学科普
11733609,一条正弦,https://space.bilibili.com/11733609,3451.9,1022668,-53.0,-0.01%,生活,日常
130997374,装机杀手代号47,https://space.bilibili.com/130997374,3352.3,167840,-53.0,-0.03%,科技,数码
287993209,A写输人,https://space.bilibili.com/287993209,3399,299302,-53.0,-0.02%,生活,搞笑
457047913,最强蜗牛,https://space.bilibili.com/457047913,3409.9,427053,-53.0,-0.01%,游戏,手机游戏
20154571,骚骚的骚东,https://space.bilibili.com/20154571,3352.2,156291,-53.0,-0.03%,科技,数码
14478936,匕笠匕笠,https://space.bilibili.com/14478936,3281.4,89311,-53.0,-0.06%,游戏,电子竞技
497416856,宝藏女孩若小霜,https://space.bilibili.com/497416856,2757.8,15258,-53.0,-0.35%,生活,日常
12078343,荒尾L,https://space.bilibili.com/12078343,3421.7,576272,-53.0,-0.01%,游戏,电子竞技
29877659,樱桃味的叽歪酱_,https://space.bilibili.com/29877659,3440.5,681622,-52.0,-0.01%,美食,美食制作
3529766,-丸子丸-,https://space.bilibili.com/3529766,3330,126329,-52.0,-0.04%,游戏,网络游戏
353287132,Gogoing,https://space.bilibili.com/353287132,3339.8,143672,-52.0,-0.04%,游戏,电子竞技
312001,虚拟世界234,https://space.bilibili.com/312001,3374.5,188730,-52.0,-0.03%,音乐,翻唱
424189052,狗哥不敷衍,https://space.bilibili.com/424189052,3382.9,251425,-52.0,-0.02%,生活,手工
484259104,冷少段子哥,https://space.bilibili.com/484259104,3405.2,378814,-52.0,-0.01%,生活,搞笑
51766,茶几君梦二,https://space.bilibili.com/51766,3477.3,915601,-52.0,-0.01%,鬼畜,鬼畜调教
5774538,林嘉驹,https://space.bilibili.com/5774538,3410.9,374646,-52.0,-0.01%,游戏,单机游戏
5474165,姜广涛声依旧,https://space.bilibili.com/5474165,3395.4,274172,-52.0,-0.02%,影视,影视剪辑
431222643,我是小肥扬,https://space.bilibili.com/431222643,3324.8,132928,-52.0,-0.04%,生活,日常
99040761,萌大雨YUYU,https://space.bilibili.com/99040761,3416.7,445110,-52.0,-0.01%,时尚,美妆
742470,冰冷之海,https://space.bilibili.com/742470,3382.7,233309,-52.0,-0.02%,游戏,手机游戏
390624031,小文炼金和陈德柱z,https://space.bilibili.com/390624031,2958.3,24469,-52.0,-0.21%,游戏,电子竞技
1471255,是快乐乐高迷呀,https://space.bilibili.com/1471255,2763.6,15073,-52.0,-0.34%,动画,手办・模玩
10451557,君寻玩剪辑,https://space.bilibili.com/10451557,3429.3,512587,-52.0,-0.01%,动画,综合
11269382,雷斯林raist,https://space.bilibili.com/11269382,3382.6,206439,-52.0,-0.03%,知识,社科・法律・心理
170540725,米其林下饭主厨,https://space.bilibili.com/170540725,3100.9,37248,-52.0,-0.14%,游戏,电子竞技
433187833,游乐王子-袁奇峰,https://space.bilibili.com/433187833,3407.3,384636,-52.0,-0.01%,生活,日常
1742847713,W8VES厂牌,https://space.bilibili.com/1742847713,3386.2,225972,-52.0,-0.02%,娱乐,明星
698888298,收藏夹UP丶水粥Szzz,https://space.bilibili.com/698888298,2643.6,12320,-52.0,-0.42%,生活,日常
702104885,xkk7,https://space.bilibili.com/702104885,3379.1,229681,-52.0,-0.02%,知识,财经商业
690611875,镇魂街-鬼符四通,https://space.bilibili.com/690611875,3385.5,281098,-52.0,-0.02%,游戏,手机游戏
353116,步束,https://space.bilibili.com/353116,3414.1,372221,-52.0,-0.01%,音乐,翻唱
36938159,叫我张山轰,https://space.bilibili.com/36938159,3422.1,373371,-52.0,-0.01%,生活,手工
284551466,希德尼娅的兔子,https://space.bilibili.com/284551466,3413.4,419387,-51.0,-0.01%,游戏,电子竞技
285407581,中国沙雕协会官方,https://space.bilibili.com/285407581,3414.8,438790,-51.0,-0.01%,生活,搞笑
115126480,UnboxTherapy,https://space.bilibili.com/115126480,3388.4,273038,-51.0,-0.02%,科技,数码
128907055,SuperPads官方,https://space.bilibili.com/128907055,3423.6,505000,-51.0,-0.01%,音乐,音乐综合
22500342,留学的真相,https://space.bilibili.com/22500342,3424.6,601426,-51.0,-0.01%,生活,日常
496542246,兔儿姐888,https://space.bilibili.com/496542246,3400.3,329591,-51.0,-0.02%,知识,职业职场
551271353,阿飞vlog记录开哥,https://space.bilibili.com/551271353,3408.1,361290,-51.0,-0.01%,生活,日常
7946235,顾于浮生如梦,https://space.bilibili.com/7946235,3441.1,823514,-51.0,-0.01%,游戏,电子竞技
571841213,三日Official,https://space.bilibili.com/571841213,3334.8,137055,-51.0,-0.04%,动画,综合
8246076,桃调调,https://space.bilibili.com/8246076,3332.5,139108,-51.0,-0.04%,科技,数码
479045730,考研数学张哥,https://space.bilibili.com/479045730,3351.6,162900,-51.0,-0.03%,知识,校园学习
455666861,多肉诗妍132斤,https://space.bilibili.com/455666861,3346.4,151433,-51.0,-0.03%,时尚,服饰
490441866,角卷绵芽保护协会,https://space.bilibili.com/490441866,2875.7,19488,-51.0,-0.26%,游戏,单机游戏
20503813,大姐姐美乃滋,https://space.bilibili.com/20503813,3340.4,157873,-51.0,-0.03%,生活,日常
3619550,虚元,https://space.bilibili.com/3619550,3357.1,161800,-51.0,-0.03%,动画,短片・手书・配音
11246021,瓜瓜不会呱,https://space.bilibili.com/11246021,3379.1,233066,-51.0,-0.02%,游戏,电子竞技
8176051,梦颖梦颖呐,https://space.bilibili.com/8176051,3366.2,193603,-51.0,-0.03%,生活,日常
6468717,夜刀神吉吉,https://space.bilibili.com/6468717,3396,294337,-51.0,-0.02%,生活,搞笑
284473053,木汁和白给,https://space.bilibili.com/284473053,3351.8,175554,-51.0,-0.03%,生活,日常
522116348,番茄在江湖,https://space.bilibili.com/522116348,3400.9,346928,-51.0,-0.01%,生活,日常
40382041,玉头的造物集,https://space.bilibili.com/40382041,3420.7,535732,-51.0,-0.01%,生活,家居房产
32037172,Crewkicks,https://space.bilibili.com/32037172,3388.4,259583,-50.0,-0.02%,时尚,服饰
377111610,啊黑man,https://space.bilibili.com/377111610,3399,285507,-50.0,-0.02%,美食,美食记录
380427124,哦王小明-,https://space.bilibili.com/380427124,3418.5,400791,-50.0,-0.01%,时尚,美妆
382595439,无毒放心奶,https://space.bilibili.com/382595439,3415.7,363418,-50.0,-0.01%,国创,国产原创相关
398872454,璃沐_Oyster,https://space.bilibili.com/398872454,2840.1,17809,-50.0,-0.28%,动画,综合
19756620,哈袜君,https://space.bilibili.com/19756620,3308,108444,-50.0,-0.05%,生活,绘画
13826185,田逾欢sirius,https://space.bilibili.com/13826185,3451.9,1176094,-50.0,0.00%,时尚,美妆
457871303,一点爱送温暖,https://space.bilibili.com/457871303,3461.3,579510,-50.0,-0.01%,生活,日常
479704217,开心的阿牧,https://space.bilibili.com/479704217,3292.5,93787,-50.0,-0.05%,影视,影视剪辑
492472,沙拉酱merry,https://space.bilibili.com/492472,3431.5,405767,-50.0,-0.01%,音乐,翻唱
27033880,抖漫工作室,https://space.bilibili.com/27033880,3395.2,305310,-50.0,-0.02%,国创,动态漫・广播剧
383888938,HFP,https://space.bilibili.com/383888938,3307.4,106146,-50.0,-0.05%,动画,短片・手书・配音
81335069,七风的旺仔牛奶香蕉船,https://space.bilibili.com/81335069,3350,161798,-50.0,-0.03%,游戏,电子竞技
90699736,小天锐雯,https://space.bilibili.com/90699736,3328.8,131750,-50.0,-0.04%,游戏,电子竞技
639886910,内个姐妹,https://space.bilibili.com/639886910,3363,185985,-50.0,-0.03%,生活,搞笑
