uid,up主昵称,B站地址,番茄指数,粉丝增量,粉丝总数,涨粉率,一级分类,二级分类
301176003,一只小玉米Ymi,https://space.bilibili.com/301176003,2022.4,28781.0,33505,85.90%,生活,绘画
585238746,三哈兄弟-沙雕日常,https://space.bilibili.com/585238746,3411.7,24931.0,311407,8.01%,生活,搞笑
1943569669,bfgz的蟹老板,https://space.bilibili.com/1943569669,606.9,24222.0,25268,95.86%,时尚,服饰
1131457022,人民日报,https://space.bilibili.com/1131457022,3488.4,24218.0,8118235,0.30%,资讯,热点
302197524,johnhuu,https://space.bilibili.com/302197524,3389.3,22072.0,230510,9.58%,知识,校园学习
1072863915,不会有人不喜欢纯爱吧,https://space.bilibili.com/1072863915,299.5,21818.0,22552,96.75%,动画,综合
1782826123,猪宝学厨,https://space.bilibili.com/1782826123,1382.4,20475.0,22747,90.01%,美食,美食制作
1906203213,橙子oM,https://space.bilibili.com/1906203213,1804.4,20106.0,23751,84.65%,影视,影视剪辑
27534330,崩坏3第一偶像爱酱,https://space.bilibili.com/27534330,3491.4,19273.0,4071235,0.47%,游戏,手机游戏
473837611,新华社,https://space.bilibili.com/473837611,3495.9,19067.0,9598719,0.20%,资讯,热点
297882491,BBoxer酋长,https://space.bilibili.com/297882491,3361.6,18764.0,174158,10.77%,音乐,演奏
14229967,一数,https://space.bilibili.com/14229967,3483.9,18429.0,6215133,0.30%,知识,校园学习
1052923782,阿亮的纪录片,https://space.bilibili.com/1052923782,2625.3,18244.0,30017,60.78%,生活,日常
241679003,小叮当的伙伴们,https://space.bilibili.com/241679003,3449.1,17940.0,699730,2.56%,生活,搞笑
1335713025,知了解压萌物,https://space.bilibili.com/1335713025,3463.5,16774.0,2783776,0.60%,动物圈,野生动物
579641463,张老师带研究生,https://space.bilibili.com/579641463,715.6,15340.0,16521,92.85%,知识,校园学习
1887137377,爱玩的大队长,https://space.bilibili.com/1887137377,1311.6,15235.0,17353,87.79%,游戏,单机游戏
383167169,阿沛不开心,https://space.bilibili.com/383167169,3273,13665.0,90435,15.11%,生活,搞笑
320629592,醒图教程,https://space.bilibili.com/320629592,3354.5,13551.0,141394,9.58%,时尚,美妆
480191817,summer-upup,https://space.bilibili.com/480191817,2040.6,13262.0,18157,73.04%,时尚,服饰
304629310,Lion笨笨的,https://space.bilibili.com/304629310,417.2,13037.0,13903,93.77%,生活,搞笑
456664753,央视新闻,https://space.bilibili.com/456664753,3528.3,12897.0,12848519,0.10%,资讯,社会
395845182,有梦想的阿肯老师,https://space.bilibili.com/395845182,3430.5,12861.0,422390,3.04%,科技,数码
23630128,HuangFuRen,https://space.bilibili.com/23630128,3473.2,12353.0,3817764,0.32%,知识,校园学习
518849352,好奇kay,https://space.bilibili.com/518849352,1771.7,12244.0,15684,78.07%,美食,美食制作
86439234,Upspeed盛嘉成,https://space.bilibili.com/86439234,3450.3,12218.0,885916,1.38%,汽车,汽车生活
174619542,远鉴字幕组,https://space.bilibili.com/174619542,3442.9,12103.0,439606,2.75%,纪录片,人文・历史
1928421346,伊晓婷,https://space.bilibili.com/1928421346,2791.3,11325.0,27144,41.72%,知识,社科・法律・心理
323248245,青柠动画城,https://space.bilibili.com/323248245,3212.8,11226.0,66531,16.87%,国创,国产原创相关
424658638,四夕小田木,https://space.bilibili.com/424658638,3395.2,11178.0,244983,4.56%,生活,搞笑
1885250814,瑶生Y,https://space.bilibili.com/1885250814,3415.5,11090.0,278947,3.98%,生活,搞笑
1447974668,小白与cheems,https://space.bilibili.com/1447974668,1390.5,10995.0,13289,82.74%,动画,综合
25073738,科幻视界,https://space.bilibili.com/25073738,3448.2,10793.0,759931,1.42%,影视,影视杂谈
492840942,云视听小电视-TV,https://space.bilibili.com/492840942,3475.2,10737.0,12021623,0.09%,影视,预告・资讯
336571870,小叮当的一家,https://space.bilibili.com/336571870,3454,10695.0,1040203,1.03%,生活,搞笑
1526560679,一化儿,https://space.bilibili.com/1526560679,3463.3,10384.0,1667919,0.62%,知识,校园学习
66607740,宋浩老师官方,https://space.bilibili.com/66607740,3467.8,10320.0,4808048,0.21%,知识,校园学习
62619261,KClick字幕组,https://space.bilibili.com/62619261,258.2,10234.0,10939,93.56%,娱乐,综艺
128605614,铁手叫兽,https://space.bilibili.com/128605614,1651.7,10207.0,13251,77.03%,科技,数码
1091834498,黄汉城财经,https://space.bilibili.com/1091834498,756.1,10207.0,11437,89.25%,知识,财经商业
283109397,Lydia_Tt20,https://space.bilibili.com/283109397,3376.9,9712.0,193828,5.01%,时尚,服饰
12727469,在煦-QY,https://space.bilibili.com/12727469,1151.6,9589.0,11363,84.39%,国创,动态漫・广播剧
1774743152,小柔SeeU,https://space.bilibili.com/1774743152,3406.1,9562.0,297177,3.22%,时尚,服饰
18154819,极速拍档-小乔,https://space.bilibili.com/18154819,3431.5,9172.0,518033,1.77%,汽车,汽车生活
26749491,圆酱圆酱圆酱,https://space.bilibili.com/26749491,673.3,8990.0,10123,88.81%,舞蹈,舞蹈综合
483162496,英语兔,https://space.bilibili.com/483162496,3492.4,8852.0,5309204,0.17%,知识,校园学习
1831744377,靳建强,https://space.bilibili.com/1831744377,3317.3,8816.0,106373,8.29%,生活,绘画
1274145117,木子学姐教日语,https://space.bilibili.com/1274145117,2144.1,8600.0,14242,60.38%,知识,校园学习
85997303,池袋第一深情-,https://space.bilibili.com/85997303,3453.2,8582.0,1047686,0.82%,生活,日常
397213719,糖醋蛋黄,https://space.bilibili.com/397213719,3424.1,8539.0,314110,2.72%,音乐,原创音乐
1913989386,哈哈有很多工厂,https://space.bilibili.com/1913989386,1427.4,8494.0,10885,78.03%,生活,日常
11021614,我是瑞斯拜,https://space.bilibili.com/11021614,3467.3,8385.0,1993874,0.42%,知识,校园学习
412689705,九空原,https://space.bilibili.com/412689705,1293.8,8227.0,10296,79.90%,生活,绘画
517327498,罗翔说刑法,https://space.bilibili.com/517327498,3597.5,8219.0,25174831,0.03%,知识,社科・法律・心理
431073645,你的影月月,https://space.bilibili.com/431073645,3464.6,7935.0,3479301,0.23%,游戏,手机游戏
12367088,霜茶好好喝,https://space.bilibili.com/12367088,3381.8,7882.0,199469,3.95%,生活,手工
401742377,原神,https://space.bilibili.com/401742377,3500,7836.0,14433161,0.05%,游戏,手机游戏
491240131,烤鸭TV,https://space.bilibili.com/491240131,3459.7,7746.0,1503326,0.52%,知识,校园学习
1514320538,香芹又青了,https://space.bilibili.com/1514320538,3190.6,7700.0,57350,13.43%,影视,影视杂谈
1581688095,柴崎爷爷的水彩画,https://space.bilibili.com/1581688095,3418.1,7657.0,336267,2.28%,生活,绘画
9617619,哔哩哔哩直播,https://space.bilibili.com/9617619,3484.9,7552.0,12595194,0.06%,游戏,单机游戏
550515990,_风过大泽,https://space.bilibili.com/550515990,3414,7368.0,302479,2.44%,影视,影视杂谈
677555620,h-Feeng,https://space.bilibili.com/677555620,2528.2,7346.0,17423,42.16%,游戏,网络游戏
1982002975,会忘记林吗,https://space.bilibili.com/1982002975,2904,7304.0,27210,26.84%,时尚,服饰
1968595,鹦鹉梨,https://space.bilibili.com/1968595,3466,7136.0,1414717,0.50%,时尚,服饰
1434840953,下野瑾瑾瑾瑾瑾瑾瑾,https://space.bilibili.com/1434840953,3234.7,7102.0,66455,10.69%,动画,综合
1493793977,张张游泳池,https://space.bilibili.com/1493793977,3229.8,7093.0,65666,10.80%,生活,日常
79061224,刘老师说电影,https://space.bilibili.com/79061224,3510.3,6893.0,4433050,0.16%,影视,影视杂谈
677605914,Van-辰夕,https://space.bilibili.com/677605914,2027.8,6870.0,11671,58.86%,生活,日常
229733301,音乐私藏馆,https://space.bilibili.com/229733301,3548.8,6722.0,5685933,0.12%,音乐,音乐现场
27725316,小蜗日记,https://space.bilibili.com/27725316,3154,6688.0,49571,13.49%,生活,日常
1007043700,世界美食official,https://space.bilibili.com/1007043700,3438.3,6675.0,634226,1.05%,美食,美食侦探
1523475,紫菜蛋花兔兔,https://space.bilibili.com/1523475,3460.6,6612.0,1722120,0.38%,生活,搞笑
287468649,阿哈哈哈哈哈黑猫警长,https://space.bilibili.com/287468649,3454,6589.0,1016013,0.65%,时尚,美妆
102822664,范冰冰Bar,https://space.bilibili.com/102822664,3035,6518.0,35691,18.26%,娱乐,明星
2036187097,一生儿,https://space.bilibili.com/2036187097,3455.1,6450.0,1169438,0.55%,知识,校园学习
333370713,朱宝宝酱儿,https://space.bilibili.com/333370713,2007.1,6437.0,11152,57.72%,生活,日常
41832729,考研政治陆寓丰,https://space.bilibili.com/41832729,3447.8,6424.0,840248,0.76%,知识,校园学习
1687713511,少女のうた,https://space.bilibili.com/1687713511,3397.9,6369.0,252875,2.52%,生活,手工
8684591,露露黄了,https://space.bilibili.com/8684591,3451.7,6149.0,695394,0.88%,时尚,美妆
17842932,无敌小浓瓜,https://space.bilibili.com/17842932,2823.6,6033.0,22947,26.29%,生活,日常
415674,芒伊木_Official,https://space.bilibili.com/415674,2688.1,6028.0,19046,31.65%,动画,综合
5970160,小潮院长,https://space.bilibili.com/5970160,3537.6,5977.0,8761883,0.07%,生活,搞笑
1097188235,妖腰木,https://space.bilibili.com/1097188235,3422.7,5924.0,390373,1.52%,时尚,健身
39737405,学过石油的语文老师,https://space.bilibili.com/39737405,3477.6,5922.0,3291346,0.18%,知识,校园学习
431748468,考研斯基,https://space.bilibili.com/431748468,3464.5,5905.0,1009421,0.58%,知识,校园学习
31761139,鱼肉肉pabo,https://space.bilibili.com/31761139,3405.9,5860.0,254482,2.30%,舞蹈,宅舞
1217628212,Thurman猫一杯,https://space.bilibili.com/1217628212,3461.3,5826.0,2501539,0.23%,生活,搞笑
2287596,白研QAQ,https://space.bilibili.com/2287596,1930,5803.0,10004,58.01%,生活,日常
28266043,附魔星Fms,https://space.bilibili.com/28266043,3460.8,5725.0,1212792,0.47%,游戏,单机游戏
3766866,科技美学,https://space.bilibili.com/3766866,3498.4,5631.0,4013752,0.14%,科技,数码
229800870,萌宠手绘阿星,https://space.bilibili.com/229800870,3327.8,5618.0,107760,5.21%,生活,绘画
488141422,TED英语演讲,https://space.bilibili.com/488141422,3426.8,5614.0,424818,1.32%,知识,科学科普
1724539264,我北凉徐凤年,https://space.bilibili.com/1724539264,3007.9,5481.0,31579,17.36%,音乐,翻唱
677378178,柏林少女o,https://space.bilibili.com/677378178,3355,5436.0,156787,3.47%,生活,搞笑
406871371,捏碳碳碳碳,https://space.bilibili.com/406871371,3458.1,5432.0,1136712,0.48%,动画,短片・手书・配音
326499679,哔哩哔哩漫画,https://space.bilibili.com/326499679,3307.9,5417.0,41981661,0.01%,动画,综合
487402274,双驴座的Sid,https://space.bilibili.com/487402274,3404.6,5329.0,289889,1.84%,生活,搞笑
392908369,沁伊爹妈的助眠小屋,https://space.bilibili.com/392908369,3335,5292.0,129780,4.08%,生活,日常
1327719714,BELLA贝拉F,https://space.bilibili.com/1327719714,3441.8,5281.0,560807,0.94%,舞蹈,舞蹈综合
485578465,国家玮-开明致学,https://space.bilibili.com/485578465,3463.6,5277.0,1758688,0.30%,知识,校园学习
39807720,林带鱼w,https://space.bilibili.com/39807720,3353.6,5259.0,144761,3.63%,时尚,服饰
181508854,文字铺,https://space.bilibili.com/181508854,3473.6,5258.0,1531002,0.34%,知识,人文历史
585267,-纯黑-,https://space.bilibili.com/585267,3479.7,5171.0,3409954,0.15%,游戏,单机游戏
179288789,汤面桢子,https://space.bilibili.com/179288789,3433.3,5171.0,460879,1.12%,生活,日常
1735033084,TAKUMI桑原巧光,https://space.bilibili.com/1735033084,2313.9,5145.0,12154,42.33%,舞蹈,街舞
5849993,void新神殿下,https://space.bilibili.com/5849993,3455,5136.0,528628,0.97%,生活,绘画
1567041369,小饱littleky,https://space.bilibili.com/1567041369,3395.6,5116.0,215336,2.38%,生活,日常
211005705,网易第五人格手游,https://space.bilibili.com/211005705,3468.6,5086.0,2043593,0.25%,游戏,手机游戏
1855673040,小李胖了吗,https://space.bilibili.com/1855673040,3138.5,5086.0,44679,11.38%,生活,日常
320385037,朱家寨少寨主,https://space.bilibili.com/320385037,3446.3,5080.0,745675,0.68%,生活,搞笑
2051617240,棋手战鹰,https://space.bilibili.com/2051617240,3280.3,5058.0,87643,5.77%,游戏,桌游棋牌
2138069219,拾芥_uni,https://space.bilibili.com/2138069219,3306.4,5054.0,100243,5.04%,生活,日常
446430908,小傲想睡觉,https://space.bilibili.com/446430908,3462.4,5045.0,1897350,0.27%,美食,美食制作
1773346,莴苣某人,https://space.bilibili.com/1773346,3465.4,5025.0,4010815,0.13%,游戏,手机游戏
319656701,快乐烧烤屋屋长,https://space.bilibili.com/319656701,3445,5022.0,778181,0.65%,美食,美食制作
59905809,哦呼w,https://space.bilibili.com/59905809,3538.9,4993.0,2489146,0.20%,鬼畜,鬼畜调教
246512655,kamifox,https://space.bilibili.com/246512655,2165.6,4953.0,10741,46.11%,舞蹈,舞蹈综合
398326679,YYP看汽车,https://space.bilibili.com/398326679,3417.3,4916.0,337139,1.46%,汽车,汽车生活
488738478,高中数学赵礼显老师,https://space.bilibili.com/488738478,3430.1,4812.0,478784,1.01%,知识,校园学习
67158540,风-笑尘,https://space.bilibili.com/67158540,3452.8,4807.0,578166,0.83%,游戏,手机游戏
1770631780,好臭好臭的人,https://space.bilibili.com/1770631780,3421.8,4800.0,344107,1.39%,音乐,演奏
9385634,王利夫,https://space.bilibili.com/9385634,3379.1,4769.0,179308,2.66%,音乐,音乐综合
586789337,我叫孙火旺,https://space.bilibili.com/586789337,3469.1,4758.0,2008694,0.24%,生活,搞笑
504934876,渤海小吏,https://space.bilibili.com/504934876,3472.1,4737.0,1056023,0.45%,知识,人文历史
548196587,带床去旅行,https://space.bilibili.com/548196587,3353.9,4732.0,148395,3.19%,生活,日常
22764702,白子玄,https://space.bilibili.com/22764702,3360.3,4673.0,153434,3.05%,知识,财经商业
504010939,TaxiWay飞行中心,https://space.bilibili.com/504010939,3223.9,4628.0,63949,7.24%,生活,日常
698029620,兰音Reine,https://space.bilibili.com/698029620,3464.4,4624.0,1165175,0.40%,音乐,翻唱
20892823,柠檬派奇幻漂流,https://space.bilibili.com/20892823,3474.2,4600.0,2340229,0.20%,生活,搞笑
17065975,小鸣er先生,https://space.bilibili.com/17065975,3428,4598.0,448024,1.03%,游戏,网络游戏
452941506,卡萨鹏卡萨丁,https://space.bilibili.com/452941506,3315.1,4594.0,110094,4.17%,游戏,电子竞技
27565167,钢钢哞,https://space.bilibili.com/27565167,3217.6,4591.0,60652,7.57%,影视,影视杂谈
281284373,文武俩兄弟,https://space.bilibili.com/281284373,3455.7,4583.0,1531655,0.30%,生活,日常
323346780,CSGO欧皇团队,https://space.bilibili.com/323346780,2780.9,4526.0,20096,22.52%,游戏,网络游戏
52190805,麟宣森,https://space.bilibili.com/52190805,3502.6,4522.0,2176124,0.21%,美食,美食制作
281172076,覆雪之下--,https://space.bilibili.com/281172076,3408,4512.0,290803,1.55%,游戏,手机游戏
9364136,我是鹿溟山,https://space.bilibili.com/9364136,3408.9,4510.0,264740,1.70%,生活,绘画
91714909,奶茶小肥仔,https://space.bilibili.com/91714909,3319.7,4492.0,105591,4.25%,音乐,原创音乐
1232707257,娜可不行lina,https://space.bilibili.com/1232707257,3359.7,4491.0,160688,2.79%,科技,数码
1598071276,赫宜宜,https://space.bilibili.com/1598071276,2771.6,4489.0,19593,22.91%,生活,日常
254726274,东京大明白,https://space.bilibili.com/254726274,3450.9,4488.0,747783,0.60%,生活,日常
15076745,彩虹酱哇,https://space.bilibili.com/15076745,3415.1,4485.0,327528,1.37%,生活,搞笑
449247733,Ducky最可爱鸭,https://space.bilibili.com/449247733,2555.5,4475.0,15044,29.75%,舞蹈,宅舞
1086694209,易车Racing,https://space.bilibili.com/1086694209,3081.9,4469.0,37708,11.85%,汽车,汽车生活
2142762,老戴在此,https://space.bilibili.com/2142762,3471.3,4455.0,2896030,0.15%,游戏,单机游戏
230269219,杨爸图说,https://space.bilibili.com/230269219,2791.1,4403.0,19863,22.17%,知识,人文历史
632207543,一英儿,https://space.bilibili.com/632207543,3451.5,4393.0,868747,0.51%,知识,校园学习
34695306,葱姜蒜也会梦到电子星,https://space.bilibili.com/34695306,2660,4359.0,16389,26.60%,音乐,音乐综合
317783104,超正经的小李,https://space.bilibili.com/317783104,3433.3,4355.0,486586,0.90%,生活,日常
778073,非酋K妹,https://space.bilibili.com/778073,3408.8,4344.0,287134,1.51%,生活,日常
674289730,一木一叶老李,https://space.bilibili.com/674289730,3449.1,4311.0,1025239,0.42%,动物圈,动物综合
10276136,诺子喵呜,https://space.bilibili.com/10276136,2683.3,4305.0,16889,25.49%,音乐,翻唱
1231108399,一地er,https://space.bilibili.com/1231108399,3431.5,4301.0,396973,1.08%,知识,校园学习
49494871,冒险雷探长,https://space.bilibili.com/49494871,3461.3,4290.0,1780476,0.24%,生活,日常
7788379,兔叭咯,https://space.bilibili.com/7788379,3533.5,4267.0,6906466,0.06%,知识,科学科普
388576777,英语的平行世界,https://space.bilibili.com/388576777,3469.4,4264.0,3112000,0.14%,知识,校园学习
283036476,狈总,https://space.bilibili.com/283036476,3467.1,4218.0,2177688,0.19%,生活,搞笑
35195926,大雷的食品科普日常,https://space.bilibili.com/35195926,3405.2,4205.0,276315,1.52%,知识,科学科普
94541218,琵琶朱小婧,https://space.bilibili.com/94541218,2754.3,4202.0,18829,22.32%,音乐,演奏
458165375,芝士局,https://space.bilibili.com/458165375,3461.9,4188.0,1761593,0.24%,知识,人文历史
107861999,裘也千野,https://space.bilibili.com/107861999,3322,4182.0,106300,3.93%,动画,短片・手书・配音
170948267,衣戈猜想,https://space.bilibili.com/170948267,3490.1,4179.0,2788933,0.15%,知识,人文历史
40711647,开车大神,https://space.bilibili.com/40711647,3442.4,4155.0,769635,0.54%,汽车,汽车生活
505574187,大团团sweet,https://space.bilibili.com/505574187,3199.7,4137.0,55450,7.46%,时尚,服饰
1038599009,罗老师的哲学课堂,https://space.bilibili.com/1038599009,3451,4126.0,931692,0.44%,知识,社科・法律・心理
30139938,朱铁雄,https://space.bilibili.com/30139938,3305.2,4116.0,97994,4.20%,影视,短片
2127878719,腾宝乐煎饼果子,https://space.bilibili.com/2127878719,2868.5,4102.0,22560,18.18%,美食,美食制作
17174243,yakisa彭雅琦,https://space.bilibili.com/17174243,3448.8,4097.0,574716,0.71%,音乐,翻唱
1324161318,一方小书房,https://space.bilibili.com/1324161318,2866.3,4066.0,22628,17.97%,知识,人文历史
37804608,龙哥哥今天又鸽了,https://space.bilibili.com/37804608,3339,4056.0,130099,3.12%,游戏,手机游戏
617394761,米雷-RayDog,https://space.bilibili.com/617394761,3456.9,4005.0,1350626,0.30%,生活,绘画
473524263,澳洲阿彭,https://space.bilibili.com/473524263,3481.3,3967.0,2591891,0.15%,美食,美食制作
6875363,不是的的是のの,https://space.bilibili.com/6875363,3462.4,3955.0,1627742,0.24%,游戏,电子竞技
279991456,靠谱电竞,https://space.bilibili.com/279991456,3492.2,3947.0,2064169,0.19%,游戏,电子竞技
21199510,lumantik,https://space.bilibili.com/21199510,2853.4,3942.0,21860,18.03%,生活,日常
180322556,小老师钱一,https://space.bilibili.com/180322556,3359.5,3927.0,121212,3.24%,知识,校园学习
587618113,姚姚不是P30,https://space.bilibili.com/587618113,3466.1,3918.0,2126275,0.18%,生活,搞笑
1538156226,小葱Alex_,https://space.bilibili.com/1538156226,2482,3917.0,13359,29.32%,鬼畜,人力VOCALOID
339885439,是小钱-,https://space.bilibili.com/339885439,3364.4,3880.0,161032,2.41%,音乐,翻唱
1259945970,洞妖over,https://space.bilibili.com/1259945970,3400.7,3878.0,273311,1.42%,游戏,手机游戏
1343321779,央视农业,https://space.bilibili.com/1343321779,3461.4,3863.0,1651323,0.23%,资讯,社会
1728112443,烟灰缸ashtray,https://space.bilibili.com/1728112443,2541.3,3847.0,14258,26.98%,影视,影视剪辑
1847854850,L野社L,https://space.bilibili.com/1847854850,3411,3833.0,312804,1.23%,美食,美食制作
474803476,泡厨房的顾小胖,https://space.bilibili.com/474803476,3448.2,3822.0,560330,0.68%,美食,美食制作
229823308,德叔不污教生物,https://space.bilibili.com/229823308,3448.7,3813.0,787023,0.48%,知识,校园学习
1057641912,海底小纵队官方号,https://space.bilibili.com/1057641912,3363.5,3812.0,159337,2.39%,影视,短片
63274187,dc008,https://space.bilibili.com/63274187,3467.5,3806.0,2796516,0.14%,知识,校园学习
5869811,程呦呦,https://space.bilibili.com/5869811,3423.9,3797.0,410957,0.92%,生活,日常
263223596,房琪kiki,https://space.bilibili.com/263223596,3444.8,3790.0,708229,0.54%,生活,日常
415563176,TED英语演说,https://space.bilibili.com/415563176,3412.7,3776.0,317511,1.19%,知识,社科・法律・心理
174501086,哔哩哔哩会员购,https://space.bilibili.com/174501086,3471.8,3774.0,8565222,0.04%,动画,手办・模玩
432499697,戒喵中心,https://space.bilibili.com/432499697,3461.6,3767.0,1562964,0.24%,动物圈,喵星人
1338715561,凛子同学提不起劲,https://space.bilibili.com/1338715561,3465.7,3765.0,1225083,0.31%,舞蹈,舞蹈综合
298777265,野贝贝_,https://space.bilibili.com/298777265,3440.6,3764.0,433497,0.87%,音乐,翻唱
538039973,Ernie老师,https://space.bilibili.com/538039973,3406,3725.0,260433,1.43%,知识,校园学习
174890586,魔鬼厨房DK,https://space.bilibili.com/174890586,3450,3722.0,952627,0.39%,美食,美食制作
94510621,梗指南,https://space.bilibili.com/94510621,3466.7,3720.0,3123441,0.12%,生活,搞笑
23947287,小约翰可汗,https://space.bilibili.com/23947287,3492.3,3719.0,5173802,0.07%,知识,人文历史
338617869,田花花,https://space.bilibili.com/338617869,3442.3,3708.0,611829,0.61%,动物圈,汪星人
524610140,杨舒予YSY_,https://space.bilibili.com/524610140,3439,3687.0,524378,0.70%,运动,篮球・足球
433406580,YouTube英语学习,https://space.bilibili.com/433406580,3459.4,3679.0,980475,0.38%,知识,校园学习
1025115216,王源工作室,https://space.bilibili.com/1025115216,3292,3675.0,78202,4.70%,音乐,音乐综合
219683419,演员陆二喜,https://space.bilibili.com/219683419,3465.9,3669.0,1429701,0.26%,生活,搞笑
4835329,AS极客,https://space.bilibili.com/4835329,3466.2,3664.0,922370,0.40%,科技,数码
18202105,绵羊料理,https://space.bilibili.com/18202105,3592,3649.0,10139409,0.04%,美食,美食制作
596842980,南翔不爱吃饭,https://space.bilibili.com/596842980,3463.1,3611.0,2296554,0.16%,美食,美食制作
337294714,极速拍档-Berlin,https://space.bilibili.com/337294714,3425.1,3602.0,411099,0.88%,汽车,摩托车
11973275,炮轰东坡肉,https://space.bilibili.com/11973275,2560.8,3595.0,14147,25.41%,游戏,手机游戏
395375056,中国梨自救,https://space.bilibili.com/395375056,3344.7,3514.0,127688,2.75%,时尚,服饰
546189,小Q不是导盲犬,https://space.bilibili.com/546189,3368.8,3507.0,173597,2.02%,知识,社科・法律・心理
15711593,Chotsins,https://space.bilibili.com/15711593,2383.1,3506.0,11465,30.58%,生活,日常
291054838,记录小生活的蛋黄派,https://space.bilibili.com/291054838,3441.6,3495.0,626045,0.56%,生活,搞笑
470991148,高数大头圆,https://space.bilibili.com/470991148,2572.3,3468.0,14206,24.41%,知识,校园学习
259286222,1米八小民同学,https://space.bilibili.com/259286222,3382.5,3468.0,195694,1.77%,舞蹈,舞蹈综合
407275913,假装讲电影,https://space.bilibili.com/407275913,3450.3,3460.0,848466,0.41%,影视,影视杂谈
166326710,Zhang_Jinming,https://space.bilibili.com/166326710,3315.6,3447.0,104443,3.30%,影视,短片
1873791750,凉子的日常,https://space.bilibili.com/1873791750,3444.8,3422.0,777219,0.44%,美食,美食记录
1541834065,付冬冬_,https://space.bilibili.com/1541834065,3003,3414.0,30081,11.35%,生活,搞笑
328029651,发音词典,https://space.bilibili.com/328029651,3452.4,3404.0,641981,0.53%,知识,校园学习
318984557,抱抱包包吧,https://space.bilibili.com/318984557,2867,3404.0,21448,15.87%,生活,日常
1640095931,明德致h,https://space.bilibili.com/1640095931,3442.5,3398.0,617337,0.55%,知识,社科・法律・心理
549076211,是派大萱,https://space.bilibili.com/549076211,3377.5,3392.0,179487,1.89%,时尚,服饰
161775300,明日方舟,https://space.bilibili.com/161775300,3492.5,3368.0,5004062,0.07%,游戏,手机游戏
361556391,庄子HD,https://space.bilibili.com/361556391,3392.6,3363.0,220187,1.53%,生活,日常
436868757,吴大猫吴大猫,https://space.bilibili.com/436868757,2467.6,3348.0,12523,26.73%,时尚,健身
510856133,吟游诗人基德,https://space.bilibili.com/510856133,3480.6,3336.0,2873909,0.12%,知识,科学科普
1462582672,growwithjo,https://space.bilibili.com/1462582672,3454.9,3335.0,764807,0.44%,时尚,健身
1537772397,樱井小阿又,https://space.bilibili.com/1537772397,3260.3,3325.0,71270,4.67%,舞蹈,舞蹈综合
207261582,晓观队长,https://space.bilibili.com/207261582,3460.6,3316.0,1091679,0.30%,时尚,美妆
1107683304,柳桐桐,https://space.bilibili.com/1107683304,2642.6,3313.0,15459,21.43%,时尚,美妆
94281836,文西与阿漆,https://space.bilibili.com/94281836,3481.7,3304.0,2361940,0.14%,生活,搞笑
31012715,是老胡没错,https://space.bilibili.com/31012715,3465.2,3279.0,1661284,0.20%,生活,搞笑
624243924,GIDLE_official,https://space.bilibili.com/624243924,3463.3,3267.0,772470,0.42%,娱乐,明星
509147248,蓝曳-伪妆大师,https://space.bilibili.com/509147248,2810.1,3263.0,19754,16.52%,时尚,美妆
1824387381,-妍YAN_,https://space.bilibili.com/1824387381,3271.7,3259.0,77814,4.19%,动画,短片・手书・配音
4379633,李青仪,https://space.bilibili.com/4379633,3467.5,3258.0,1104648,0.29%,生活,绘画
1532165,papi酱,https://space.bilibili.com/1532165,3491.5,3255.0,7423354,0.04%,生活,搞笑
512105432,玉麒麟csgo,https://space.bilibili.com/512105432,3343.4,3248.0,144556,2.25%,游戏,电子竞技
403881577,诸葛皮皮是帅哥,https://space.bilibili.com/403881577,3425.7,3242.0,411332,0.79%,影视,短片
341071568,蜜蜂优课刘勖雯文综,https://space.bilibili.com/341071568,3425.3,3236.0,368731,0.88%,知识,校园学习
283732813,RachelR星星,https://space.bilibili.com/283732813,3453,3232.0,742549,0.44%,生活,日常
1893045,狂风桑,https://space.bilibili.com/1893045,3479.9,3213.0,2418563,0.13%,生活,搞笑
519546088,汉水丑生侯伟,https://space.bilibili.com/519546088,3448.7,3210.0,990454,0.32%,知识,校园学习
1607984338,侃哥侃英语,https://space.bilibili.com/1607984338,3451.2,3181.0,978650,0.33%,知识,校园学习
650966649,学法联盟,https://space.bilibili.com/650966649,3449.2,3171.0,816171,0.39%,知识,社科・法律・心理
42870908,网不红萌叔Joey,https://space.bilibili.com/42870908,3481.9,3157.0,3172028,0.10%,美食,美食测评
593676704,主持人赵普,https://space.bilibili.com/593676704,2804.2,3138.0,19078,16.45%,知识,人文历史
649831334,沈月本人,https://space.bilibili.com/649831334,3448.6,3112.0,802124,0.39%,娱乐,明星
1507451103,胖迪和李大妙,https://space.bilibili.com/1507451103,3316.8,3109.0,109588,2.84%,生活,搞笑
313580179,九三的耳朵不是特别好,https://space.bilibili.com/313580179,3485.6,3100.0,2661366,0.12%,音乐,翻唱
300722822,刘文超Vin,https://space.bilibili.com/300722822,3468.4,3097.0,2176750,0.14%,知识,校园学习
2072315679,吴仁腾6,https://space.bilibili.com/2072315679,2461.1,3096.0,12250,25.27%,动画,综合
41322626,特伦苏苏ss,https://space.bilibili.com/41322626,2646.4,3091.0,15324,20.17%,生活,日常
27959806,洛丽塔大哥lolita,https://space.bilibili.com/27959806,3455.9,3082.0,1166204,0.26%,生活,日常
330415548,谭乔,https://space.bilibili.com/330415548,3479.3,3081.0,4275918,0.07%,资讯,社会
256430083,超级流浪师,https://space.bilibili.com/256430083,3165.8,3071.0,47500,6.47%,汽车,汽车生活
1661648694,老龙女和扎克,https://space.bilibili.com/1661648694,3405.9,3057.0,296108,1.03%,游戏,电子竞技
1059877038,主机anchor,https://space.bilibili.com/1059877038,3237.4,3046.0,66704,4.57%,生活,日常
927587,木鱼水心,https://space.bilibili.com/927587,3611.9,3038.0,9490879,0.03%,影视,影视杂谈
106979360,黑酱BlackNBlue,https://space.bilibili.com/106979360,3100.9,3033.0,38132,7.95%,动画,综合
513866289,喘喘wiliwili,https://space.bilibili.com/513866289,3411.4,3019.0,219022,1.38%,知识,校园学习
3913194,高斯Goh,https://space.bilibili.com/3913194,3460.2,3009.0,2382301,0.13%,游戏,桌游棋牌
697166795,徐云流浪中国,https://space.bilibili.com/697166795,3466.8,3003.0,1104676,0.27%,生活,日常
604003146,帕梅拉PamelaReif,https://space.bilibili.com/604003146,3495,2997.0,9223076,0.03%,时尚,健身
39471988,大司农杰克,https://space.bilibili.com/39471988,3365.4,2996.0,166866,1.80%,知识,人文历史
485704862,哇塞几张,https://space.bilibili.com/485704862,3470.9,2992.0,1498452,0.20%,美食,美食侦探
1747545839,巴黎小郭郭,https://space.bilibili.com/1747545839,3449.3,2984.0,866778,0.34%,美食,美食记录
4196484,五四IAM,https://space.bilibili.com/4196484,3442.5,2970.0,610598,0.49%,游戏,单机游戏
649019192,方芳的快乐生活,https://space.bilibili.com/649019192,3445.3,2964.0,754101,0.39%,美食,美食侦探
2053293051,设计师王姨,https://space.bilibili.com/2053293051,3386.2,2952.0,218308,1.35%,生活,家居房产
2017670422,恩哥与索弟,https://space.bilibili.com/2017670422,3237.8,2946.0,67111,4.39%,游戏,电子竞技
373388923,脱缰凯Kk,https://space.bilibili.com/373388923,3449,2895.0,833377,0.35%,生活,搞笑
201488550,小孙ATOM,https://space.bilibili.com/201488550,3451.2,2886.0,952045,0.30%,生活,搞笑
1851115707,小Jin哥很渊博,https://space.bilibili.com/1851115707,2534.4,2882.0,13116,21.97%,知识,职业职场
6087825,小紧张的虫虫,https://space.bilibili.com/6087825,3477.1,2881.0,3658332,0.08%,美食,美食侦探
410904791,浪浪想直播,https://space.bilibili.com/410904791,3296.7,2880.0,93677,3.07%,游戏,单机游戏
1843844124,非匿名指令,https://space.bilibili.com/1843844124,3437,2879.0,636132,0.45%,游戏,手机游戏
12767928,平凡小吴,https://space.bilibili.com/12767928,3243.2,2872.0,66907,4.29%,汽车,汽车生活
517130681,江南伯乐-,https://space.bilibili.com/517130681,2891.5,2867.0,22392,12.80%,知识,校园学习
513305949,杨旭游记,https://space.bilibili.com/513305949,3453.4,2865.0,1004293,0.29%,生活,汽车生活
635041,Ziv紫薇,https://space.bilibili.com/635041,3440.7,2862.0,551112,0.52%,游戏,手机游戏
419872064,老饭骨,https://space.bilibili.com/419872064,3481.6,2859.0,3500448,0.08%,美食,美食制作
606760142,yogi-Michelle123,https://space.bilibili.com/606760142,2335.1,2858.0,10182,28.07%,时尚,健身
51418192,刘书程AS,https://space.bilibili.com/51418192,2670.5,2853.0,15549,18.35%,运动,篮球・足球
20457232,一只吐槽圆,https://space.bilibili.com/20457232,3463,2840.0,1016663,0.28%,娱乐,娱乐杂谈
37974444,黑马程序员,https://space.bilibili.com/37974444,3469.6,2829.0,2245405,0.13%,知识,野生技能协会
280773505,加油秦大头,https://space.bilibili.com/280773505,3311.8,2828.0,101393,2.79%,影视,短片
1589382178,BigShot英语,https://space.bilibili.com/1589382178,3446,2828.0,930523,0.30%,知识,校园学习
163637592,老师好我叫何同学,https://space.bilibili.com/163637592,3583.9,2824.0,10576633,0.03%,科技,数码
547072854,中气爱,https://space.bilibili.com/547072854,3445.4,2799.0,745211,0.38%,知识,科学科普
257958427,国际华语辩论邀请赛,https://space.bilibili.com/257958427,3449.6,2790.0,839082,0.33%,知识,社科・法律・心理
601270690,飞飞feifei-,https://space.bilibili.com/601270690,3107.5,2763.0,38581,7.16%,生活,日常
476909143,白木awa,https://space.bilibili.com/476909143,2377.9,2753.0,10550,26.09%,生活,日常
509069409,有猫猫的幼蓝,https://space.bilibili.com/509069409,3398.4,2740.0,247992,1.10%,生活,日常
578212744,喻强墙,https://space.bilibili.com/578212744,3285.1,2735.0,87036,3.14%,生活,日常
668729267,周周啊,https://space.bilibili.com/668729267,3416.6,2723.0,355670,0.77%,生活,搞笑
1823006463,茜茜naki,https://space.bilibili.com/1823006463,3045.2,2723.0,32093,8.48%,时尚,服饰
1836322665,TheMix多语种乐团,https://space.bilibili.com/1836322665,3479.4,2707.0,1263741,0.21%,音乐,翻唱
1869256647,妖叔解毒,https://space.bilibili.com/1869256647,3083,2698.0,35703,7.56%,影视,影视杂谈
603152551,合肥94看车,https://space.bilibili.com/603152551,3362.7,2688.0,168032,1.60%,汽车,购车攻略
510291794,小鹿手写-,https://space.bilibili.com/510291794,3367.2,2679.0,157468,1.70%,知识,校园学习
400230277,杨晓洋的水果世界,https://space.bilibili.com/400230277,3459.6,2676.0,1749527,0.15%,知识,科学科普
75104407,闯哥电影解说,https://space.bilibili.com/75104407,2860.2,2671.0,21168,12.62%,影视,影视杂谈
346563107,波士顿圆脸,https://space.bilibili.com/346563107,3480.4,2668.0,3087765,0.09%,资讯,环球
1079111904,堵钱眼的申公豹,https://space.bilibili.com/1079111904,3345.6,2665.0,139540,1.91%,知识,财经商业
703186600,麻薯波比呀,https://space.bilibili.com/703186600,3377,2663.0,187742,1.42%,知识,社科・法律・心理
51277451,桃十五,https://space.bilibili.com/51277451,3365.7,2662.0,171245,1.55%,音乐,翻唱
305273245,湘潭市冲动消费第一人,https://space.bilibili.com/305273245,3214,2658.0,59176,4.49%,科技,数码
1955984100,小蕊翡翠玉雕,https://space.bilibili.com/1955984100,2810.6,2650.0,19184,13.81%,生活,日常
17603188,雷雨Lyy,https://space.bilibili.com/17603188,3454.6,2643.0,986132,0.27%,游戏,网络游戏
1818796606,摸鱼大师莫小鱼,https://space.bilibili.com/1818796606,3278.4,2640.0,81899,3.22%,生活,日常
9661047,贫穷司令哦,https://space.bilibili.com/9661047,3406.4,2639.0,296233,0.89%,游戏,单机游戏
19916355,花铭__,https://space.bilibili.com/19916355,3181,2637.0,49984,5.28%,生活,绘画
178029850,杜海皇,https://space.bilibili.com/178029850,3469.7,2630.0,3438448,0.08%,生活,搞笑
4324529,罗红霉素和夏冰雹,https://space.bilibili.com/4324529,3388.6,2626.0,215344,1.22%,知识,校园学习
12633635,任舒瞳,https://space.bilibili.com/12633635,3420.8,2624.0,287317,0.91%,音乐,翻唱
520155988,所长林超,https://space.bilibili.com/520155988,3496.5,2621.0,3598227,0.07%,知识,财经商业
1881916943,一物理儿,https://space.bilibili.com/1881916943,3393.9,2619.0,234106,1.12%,知识,科学科普
12473905,奶酪芝士味雪糍,https://space.bilibili.com/12473905,3435.3,2615.0,395210,0.66%,舞蹈,宅舞
349729379,Ru味春RusPiano,https://space.bilibili.com/349729379,3436.2,2615.0,379087,0.69%,音乐,演奏
386874261,王建伟教英语,https://space.bilibili.com/386874261,2373.7,2612.0,10468,24.95%,知识,校园学习
88664093,黄鸡鸡烤串,https://space.bilibili.com/88664093,2360.1,2597.0,10369,25.05%,动画,短片・手书・配音
89305083,Ticki白小白,https://space.bilibili.com/89305083,3450.4,2595.0,693452,0.37%,舞蹈,舞蹈综合
1646036311,凤凰传奇,https://space.bilibili.com/1646036311,3495.8,2595.0,1887674,0.14%,音乐,音乐现场
24344226,评弹袁佳颖,https://space.bilibili.com/24344226,2808.9,2594.0,19076,13.60%,知识,人文历史
330124456,小洛龙王,https://space.bilibili.com/330124456,3371.5,2588.0,183279,1.41%,游戏,电子竞技
2016533239,吃个果核,https://space.bilibili.com/2016533239,2410.3,2587.0,10920,23.69%,动画,综合
44059482,数学超人math,https://space.bilibili.com/44059482,3460.4,2583.0,987798,0.26%,知识,校园学习
1823466601,5天秒杀1万词,https://space.bilibili.com/1823466601,3449.3,2572.0,1018038,0.25%,知识,校园学习
24478119,路路迷路路,https://space.bilibili.com/24478119,3463.9,2566.0,2296345,0.11%,游戏,单机游戏
532741557,戴建业老师,https://space.bilibili.com/532741557,3482.6,2566.0,3307909,0.08%,知识,人文历史
2033323516,延边刺客呀,https://space.bilibili.com/2033323516,3401.1,2558.0,260728,0.98%,生活,搞笑
50329485,哔哩哔哩绝地求生赛事,https://space.bilibili.com/50329485,3445.7,2556.0,873590,0.29%,游戏,电子竞技
316955009,Netflix影视,https://space.bilibili.com/316955009,3428.1,2546.0,419007,0.61%,影视,预告・资讯
1051456456,章夏Sean,https://space.bilibili.com/1051456456,3318,2542.0,110764,2.29%,知识,财经商业
2742391,Free高考英语,https://space.bilibili.com/2742391,3456.2,2531.0,1129647,0.22%,知识,校园学习
53737196,食事史馆,https://space.bilibili.com/53737196,3383.7,2519.0,208900,1.21%,知识,人文历史
236148005,berry_good,https://space.bilibili.com/236148005,3267.4,2511.0,77077,3.26%,生活,日常
423442263,赵鹏皓和姐姐,https://space.bilibili.com/423442263,3365.7,2509.0,172971,1.45%,生活,搞笑
386406763,项真爽,https://space.bilibili.com/386406763,3463.9,2509.0,1458701,0.17%,生活,搞笑
5340625,逃离重力Leaderpan,https://space.bilibili.com/5340625,2381.5,2504.0,10483,23.89%,生活,手工
1529656577,孤独美食咖,https://space.bilibili.com/1529656577,3426.3,2503.0,426592,0.59%,美食,田园美食
335810000,多肉蕙子东京版,https://space.bilibili.com/335810000,2424,2500.0,11034,22.66%,生活,日常
8572852,墨玉-M,https://space.bilibili.com/8572852,3417,2497.0,324929,0.77%,生活,日常
2026173074,温竣岩,https://space.bilibili.com/2026173074,3471.3,2491.0,736689,0.34%,知识,科学科普
44585795,上官钮祜禄诺,https://space.bilibili.com/44585795,2935.7,2482.0,24664,10.06%,生活,日常
476738879,化学老师李政,https://space.bilibili.com/476738879,3444.8,2479.0,722964,0.34%,知识,校园学习
327246853,在下冲锋丘丘人,https://space.bilibili.com/327246853,3309.1,2470.0,102130,2.42%,游戏,手机游戏
544291240,东兴苟十三,https://space.bilibili.com/544291240,3393.7,2455.0,233307,1.05%,知识,人文历史
1551474535,锦鲤实验室,https://space.bilibili.com/1551474535,3450.4,2452.0,789951,0.31%,知识,科学科普
30646569,华语辩坛老友赛,https://space.bilibili.com/30646569,3441,2451.0,796553,0.31%,知识,社科・法律・心理
365842307,流量卡表哥,https://space.bilibili.com/365842307,3329.7,2445.0,117975,2.07%,科技,数码
1074107470,悠爸长不胖,https://space.bilibili.com/1074107470,3336.2,2444.0,124836,1.96%,生活,日常
438173577,卢克文工作室,https://space.bilibili.com/438173577,3466.2,2440.0,2850307,0.09%,资讯,热点
448340479,刘加勇医生,https://space.bilibili.com/448340479,3466.1,2427.0,1765498,0.14%,知识,科学科普
455710037,锦城大同教育,https://space.bilibili.com/455710037,3468.2,2426.0,1590543,0.15%,知识,校园学习
406636263,HOLA小测佬,https://space.bilibili.com/406636263,3466.2,2420.0,1774832,0.14%,美食,美食侦探
15634833,鲤鱼Ace,https://space.bilibili.com/15634833,3461.1,2419.0,3027729,0.08%,游戏,单机游戏
401107571,学豆英语,https://space.bilibili.com/401107571,3367.6,2419.0,169848,1.42%,知识,校园学习
1933803130,余小白手机摄影,https://space.bilibili.com/1933803130,3399.4,2418.0,237074,1.02%,知识,校园学习
19134920,乌拉乌拉怪xx,https://space.bilibili.com/19134920,3284.8,2418.0,84636,2.86%,生活,日常
17168001,仓大佬,https://space.bilibili.com/17168001,3411.1,2412.0,293919,0.82%,时尚,美妆
447317111,Meetfood觅食,https://space.bilibili.com/447317111,3473.5,2400.0,2151255,0.11%,美食,美食侦探
1254208981,王昀臻,https://space.bilibili.com/1254208981,3395.3,2393.0,234091,1.02%,舞蹈,街舞
627888730,星有野,https://space.bilibili.com/627888730,3475,2384.0,3704219,0.06%,动画,短片・手书・配音
383020653,李雷同志-校长ikun,https://space.bilibili.com/383020653,2741.6,2380.0,16590,14.35%,生活,搞笑
519190856,储殷教授,https://space.bilibili.com/519190856,3432.8,2380.0,489545,0.49%,知识,社科・法律・心理
1027871419,奏Kanade_Official,https://space.bilibili.com/1027871419,3412.9,2379.0,289569,0.82%,动画,综合
1557073149,二棉裤说剧,https://space.bilibili.com/1557073149,3429.1,2378.0,483739,0.49%,影视,影视杂谈
30725416,团宠酸奶妹,https://space.bilibili.com/30725416,3447.9,2378.0,839387,0.28%,动物圈,喵星人
218506533,Amy艾米饭,https://space.bilibili.com/218506533,3427.9,2377.0,414494,0.57%,美食,美食侦探
1088863342,科学商所长,https://space.bilibili.com/1088863342,2892.2,2364.0,21998,10.75%,知识,科学科普
1178439104,我叫毕语航,https://space.bilibili.com/1178439104,3331.3,2363.0,118602,1.99%,音乐,演奏
506684008,铭门学府张超,https://space.bilibili.com/506684008,3395.2,2353.0,240613,0.98%,知识,校园学习
411981357,Teacher侃,https://space.bilibili.com/411981357,3128.1,2342.0,41072,5.70%,娱乐,明星
1813173223,王七叶-,https://space.bilibili.com/1813173223,3454.9,2339.0,1136478,0.21%,生活,搞笑
13855437,桃gAnkoru,https://space.bilibili.com/13855437,2672.2,2339.0,14861,15.74%,舞蹈,舞蹈综合
1796910731,野川原子oO,https://space.bilibili.com/1796910731,2743,2333.0,16756,13.92%,生活,日常
1051746019,世界轻武器ARMS,https://space.bilibili.com/1051746019,3373.5,2332.0,188452,1.24%,动画,手办・模玩
1879229716,大学自修室,https://space.bilibili.com/1879229716,2569.5,2323.0,12979,17.90%,知识,校园学习
335692980,百万剪辑狮,https://space.bilibili.com/335692980,3486.3,2320.0,1244560,0.19%,影视,影视剪辑
1867363969,W娟,https://space.bilibili.com/1867363969,3442.4,2315.0,654699,0.35%,知识,人文历史
490494088,动动枪DongDongGun,https://space.bilibili.com/490494088,3461.6,2312.0,908780,0.25%,知识,社科・法律・心理
36000909,一条辣cc,https://space.bilibili.com/36000909,3432.9,2308.0,490037,0.47%,时尚,服饰
1870883193,猫后生,https://space.bilibili.com/1870883193,3438.3,2307.0,585332,0.39%,动物圈,动物综合
1563717018,伊莎Yeesha,https://space.bilibili.com/1563717018,3393.5,2304.0,229673,1.00%,知识,人文历史
35757827,TASK丶果冻,https://space.bilibili.com/35757827,3357,2301.0,149475,1.54%,游戏,网络游戏
1903016091,热爱干饭饭,https://space.bilibili.com/1903016091,3135.9,2297.0,41253,5.57%,知识,校园学习
1411779020,古哥聊商业,https://space.bilibili.com/1411779020,2693.5,2297.0,15210,15.10%,知识,财经商业
435282616,余凉不白给,https://space.bilibili.com/435282616,2477.8,2296.0,11646,19.71%,游戏,手机游戏
1458143131,侯翠翠,https://space.bilibili.com/1458143131,3455.3,2289.0,1198492,0.19%,生活,日常
18343098,河野华,https://space.bilibili.com/18343098,3460.6,2288.0,1179181,0.19%,生活,日常
351583506,数学微课帮,https://space.bilibili.com/351583506,3471.4,2286.0,2353208,0.10%,知识,校园学习
15826102,小海带sS,https://space.bilibili.com/15826102,3419.6,2280.0,372145,0.61%,生活,日常
1143898753,李哥我饿了,https://space.bilibili.com/1143898753,3422.6,2279.0,382076,0.60%,美食,美食记录
12075114,烦恼死的夏洛,https://space.bilibili.com/12075114,3359.9,2275.0,143500,1.59%,动画,MMD・3D
226102317,蒲熠星,https://space.bilibili.com/226102317,3470.1,2273.0,1350255,0.17%,游戏,单机游戏
13001931,校长就是小张,https://space.bilibili.com/13001931,2372.4,2269.0,10063,22.55%,音乐,翻唱
11684621,太阳星sunstar,https://space.bilibili.com/11684621,3478.9,2265.0,2188597,0.10%,知识,人文历史
1742004653,寅山ZN,https://space.bilibili.com/1742004653,3338,2254.0,130546,1.73%,生活,日常
494833139,CAD自学网,https://space.bilibili.com/494833139,2583.9,2248.0,13338,16.85%,知识,职业职场
39549215,小楞君,https://space.bilibili.com/39549215,3064.8,2244.0,33602,6.68%,生活,日常
14897804,宴宁ccccc,https://space.bilibili.com/14897804,3461.9,2243.0,1285977,0.17%,生活,其他
477007052,乐爱豆HE,https://space.bilibili.com/477007052,3213.9,2236.0,56773,3.94%,游戏,手机游戏
90920075,酷玩实验室,https://space.bilibili.com/90920075,3461.9,2233.0,1040902,0.21%,知识,财经商业
629825579,猹泡饭233,https://space.bilibili.com/629825579,3372.6,2232.0,174884,1.28%,游戏,手机游戏
96153951,BR店长,https://space.bilibili.com/96153951,3374.3,2231.0,187801,1.19%,科技,数码
604899192,DY一只修勾勾,https://space.bilibili.com/604899192,3372.1,2226.0,179287,1.24%,影视,短片
125269176,乐乐课堂,https://space.bilibili.com/125269176,3466.4,2221.0,1760670,0.13%,知识,校园学习
526294618,美国曹操来了,https://space.bilibili.com/526294618,3453.4,2211.0,1003683,0.22%,生活,日常
489010792,紫然丶,https://space.bilibili.com/489010792,3287.8,2208.0,89718,2.46%,生活,搞笑
454780088,慧小媛,https://space.bilibili.com/454780088,3453.5,2206.0,923118,0.24%,知识,社科・法律・心理
7847261,陆识衣和王严言,https://space.bilibili.com/7847261,2730.8,2201.0,16301,13.50%,音乐,演奏
286142707,挪威老王,https://space.bilibili.com/286142707,3367.6,2200.0,173994,1.26%,生活,搞笑
382697124,顾林x,https://space.bilibili.com/382697124,3425.8,2196.0,391881,0.56%,时尚,美妆
544336675,真探唐仁杰,https://space.bilibili.com/544336675,3476.8,2195.0,3493341,0.06%,美食,美食侦探
8188433,T君说,https://space.bilibili.com/8188433,3476.4,2191.0,1545723,0.14%,知识,社科・法律・心理
11131476,绫人太太啊,https://space.bilibili.com/11131476,3470.7,2189.0,3145368,0.07%,生活,搞笑
14373586,熊出没BoonieBears,https://space.bilibili.com/14373586,3456.1,2185.0,899927,0.24%,国创,国产原创相关
32867152,阿牟AMFIG,https://space.bilibili.com/32867152,2900.3,2184.0,22020,9.92%,游戏,单机游戏
233114659,碧蓝航线,https://space.bilibili.com/233114659,3465.1,2183.0,2185356,0.10%,游戏,手机游戏
480745939,罗伊_Roi,https://space.bilibili.com/480745939,3458.6,2181.0,519697,0.42%,音乐,翻唱
171191705,周大爷不服老,https://space.bilibili.com/171191705,3445.6,2176.0,775277,0.28%,生活,搞笑
15782465,steam游戏资讯,https://space.bilibili.com/15782465,3450.4,2172.0,1020188,0.21%,游戏,单机游戏
110917154,船家妹丁,https://space.bilibili.com/110917154,3424.9,2170.0,398638,0.54%,生活,日常
12816241,托马斯家的,https://space.bilibili.com/12816241,3459,2167.0,1382537,0.16%,生活,日常
1368367331,一本政经说,https://space.bilibili.com/1368367331,3378.5,2156.0,187756,1.15%,知识,财经商业
40489639,球球特别大,https://space.bilibili.com/40489639,3467.6,2156.0,640040,0.34%,鬼畜,鬼畜调教
131058159,英语老师Lee,https://space.bilibili.com/131058159,3455.8,2155.0,1727768,0.12%,知识,校园学习
343086372,江鸽北主任,https://space.bilibili.com/343086372,3432.2,2150.0,512259,0.42%,游戏,单机游戏
328350981,于总CEO,https://space.bilibili.com/328350981,3444.3,2132.0,596220,0.36%,知识,校园学习
11423245,别叫我狗哥-,https://space.bilibili.com/11423245,3450.4,2125.0,905333,0.23%,美食,美食记录
1659651634,七颗猩猩QKXX,https://space.bilibili.com/1659651634,3442,2120.0,687932,0.31%,生活,日常
452259222,云书馆丨,https://space.bilibili.com/452259222,3233,2114.0,60392,3.50%,知识,人文历史
476720460,凯迪拉克官方,https://space.bilibili.com/476720460,3344.9,2110.0,134704,1.57%,汽车,汽车生活
1132006767,霓虹国のNatsuki,https://space.bilibili.com/1132006767,2429.7,2109.0,10696,19.72%,生活,日常
28033852,罗元1994,https://space.bilibili.com/28033852,3447.5,2106.0,509814,0.41%,生活,绘画
99740565,逍飞free,https://space.bilibili.com/99740565,3450.6,2106.0,937763,0.22%,时尚,服饰
1921676212,神明燃剪,https://space.bilibili.com/1921676212,3015.2,2105.0,29439,7.15%,影视,影视剪辑
403449453,Spylent,https://space.bilibili.com/403449453,3462.2,2104.0,701985,0.30%,音乐,原创音乐
32445709,许之行呀,https://space.bilibili.com/32445709,3327.7,2100.0,114233,1.84%,生活,日常
5608325,-猫猫冰-,https://space.bilibili.com/5608325,3299.5,2097.0,89653,2.34%,舞蹈,舞蹈综合
29303627,骨头_Cheryl,https://space.bilibili.com/29303627,3396.5,2092.0,232700,0.90%,生活,日常
401655365,一条增殖,https://space.bilibili.com/401655365,3368.9,2090.0,176710,1.18%,动画,短片・手书・配音
87219966,我是大鹏啊a,https://space.bilibili.com/87219966,2483.6,2087.0,11570,18.04%,影视,影视杂谈
693450094,嗑书的阿冉叔,https://space.bilibili.com/693450094,3457,2082.0,784143,0.27%,知识,人文历史
8048877,樱井绿子-,https://space.bilibili.com/8048877,3418,2080.0,322653,0.64%,生活,日常
2014665410,qY迷,https://space.bilibili.com/2014665410,3136.8,2080.0,41378,5.03%,动画,短片・手书・配音
1217126182,我是晴天-麻辣晴子,https://space.bilibili.com/1217126182,3426.4,2069.0,424081,0.49%,美食,美食制作
2105321218,三体微社区,https://space.bilibili.com/2105321218,2666.3,2064.0,14617,14.12%,影视,短片
395415494,熬一耶ye,https://space.bilibili.com/395415494,3451.1,2060.0,928679,0.22%,生活,搞笑
68439967,萧枭同学,https://space.bilibili.com/68439967,3446.1,2055.0,767822,0.27%,生活,搞笑
10119428,小片片说大片,https://space.bilibili.com/10119428,3566.1,2053.0,5996742,0.03%,影视,影视杂谈
498987983,B站-向死,https://space.bilibili.com/498987983,3154.6,2052.0,44463,4.62%,游戏,手机游戏
501827634,公考小马哥,https://space.bilibili.com/501827634,3432.4,2052.0,531613,0.39%,知识,职业职场
277108111,强制隔离戒猫所,https://space.bilibili.com/277108111,3006,2050.0,28345,7.23%,动物圈,喵星人
290014343,李论科学,https://space.bilibili.com/290014343,3400.2,2048.0,269318,0.76%,知识,科学科普
696806207,TK张世臻自驾环球中,https://space.bilibili.com/696806207,3411.1,2048.0,319980,0.64%,生活,日常
403899908,金大迪_,https://space.bilibili.com/403899908,3408.4,2043.0,261705,0.78%,时尚,美妆
1019935307,米雪食记,https://space.bilibili.com/1019935307,3313.7,2041.0,107453,1.90%,美食,美食侦探
76938038,吐提古丽热杰,https://space.bilibili.com/76938038,3415.3,2041.0,355748,0.57%,生活,搞笑
20603745,其人,https://space.bilibili.com/20603745,3461.1,2039.0,1064639,0.19%,动画,短片・手书・配音
401800534,学长小谭,https://space.bilibili.com/401800534,3463.1,2038.0,701614,0.29%,知识,校园学习
520819684,小Lin说,https://space.bilibili.com/520819684,3460.5,2030.0,1802187,0.11%,知识,财经商业
17819768,电影最TOP,https://space.bilibili.com/17819768,3520.5,2018.0,4738303,0.04%,影视,影视杂谈
109311521,185同学,https://space.bilibili.com/109311521,3446,2015.0,635727,0.32%,生活,日常
16671656,空卡空卡空空卡,https://space.bilibili.com/16671656,3480.3,2014.0,2447783,0.08%,知识,校园学习
384914505,玖儿爱画画,https://space.bilibili.com/384914505,3315.4,2014.0,105212,1.91%,生活,绘画
11257744,肉肉怎么这么菜,https://space.bilibili.com/11257744,3416,2012.0,366504,0.55%,游戏,电子竞技
49968496,一祁练字,https://space.bilibili.com/49968496,2547.2,2012.0,12461,16.15%,生活,日常
20990353,游戏动力VGN,https://space.bilibili.com/20990353,3462.5,2011.0,1834468,0.11%,游戏,电子竞技
508416316,本喵叫兔兔,https://space.bilibili.com/508416316,3462.6,2010.0,1961134,0.10%,动物圈,喵星人
383587023,复利的奇迹ETF基金理财,https://space.bilibili.com/383587023,3451.8,2008.0,617445,0.33%,知识,财经商业
1354823162,全村人的希望鸭,https://space.bilibili.com/1354823162,2489.9,2008.0,11557,17.37%,知识,校园学习
89370730,鲨鱼君Sharky,https://space.bilibili.com/89370730,3312.6,2005.0,100491,2.00%,游戏,音游
486846569,花式飞车绝风,https://space.bilibili.com/486846569,2790.7,2004.0,17892,11.20%,游戏,网络游戏
1357200158,王者荣耀顾忌,https://space.bilibili.com/1357200158,2654.7,2004.0,14397,13.92%,游戏,电子竞技
26240675,与山0v0,https://space.bilibili.com/26240675,3480.9,1993.0,2762362,0.07%,游戏,单机游戏
52495078,李院长_,https://space.bilibili.com/52495078,3387.1,1991.0,224716,0.89%,生活,日常
4407376,凌小喵mayuki,https://space.bilibili.com/4407376,3357.2,1991.0,134708,1.48%,舞蹈,舞蹈综合
437210091,齐拉马,https://space.bilibili.com/437210091,2679.6,1991.0,14872,13.39%,知识,社科・法律・心理
3997812,S同学甄不错,https://space.bilibili.com/3997812,3440.6,1989.0,604667,0.33%,影视,影视杂谈
351477766,是当归哦,https://space.bilibili.com/351477766,3458.4,1988.0,1155295,0.17%,生活,日常
592095891,硬汉形象26,https://space.bilibili.com/592095891,3421.7,1985.0,382001,0.52%,时尚,健身
38669766,没睡醒的阿阳,https://space.bilibili.com/38669766,3446.9,1984.0,996427,0.20%,游戏,单机游戏
1906960205,岛城三人行,https://space.bilibili.com/1906960205,3357.9,1979.0,159276,1.24%,生活,搞笑
318078497,小乔讲电影,https://space.bilibili.com/318078497,3363.3,1979.0,169879,1.16%,影视,影视杂谈
123321175,佟大大还是ETT,https://space.bilibili.com/123321175,3458.3,1976.0,1758065,0.11%,知识,校园学习
1283098584,厦门良辰集汉服婚纱照,https://space.bilibili.com/1283098584,3197.3,1975.0,52374,3.77%,生活,日常
1302251500,kiriharaQ币哥,https://space.bilibili.com/1302251500,3440.4,1969.0,597937,0.33%,生活,搞笑
16054375,自动鬼畜中的WZ,https://space.bilibili.com/16054375,3487.2,1968.0,1078290,0.18%,鬼畜,鬼畜调教
23289785,神奇小猪的数学课,https://space.bilibili.com/23289785,3329.6,1963.0,117923,1.66%,知识,校园学习
395262024,钟文mua哈哈,https://space.bilibili.com/395262024,2727.1,1963.0,15970,12.29%,音乐,翻唱
1887886064,梁小龙本人,https://space.bilibili.com/1887886064,3234.2,1957.0,62948,3.11%,时尚,健身
1097068159,当当高中地理,https://space.bilibili.com/1097068159,3356.8,1950.0,153089,1.27%,知识,校园学习
1172259015,水牛电影,https://space.bilibili.com/1172259015,2635.5,1949.0,14040,13.88%,影视,影视杂谈
669716245,索弟与恩哥,https://space.bilibili.com/669716245,3427,1949.0,470435,0.41%,游戏,电子竞技
49246269,大象放映室,https://space.bilibili.com/49246269,3488.6,1948.0,3013707,0.06%,影视,影视杂谈
21648772,晓丹小仙女儿,https://space.bilibili.com/21648772,3464.1,1945.0,705751,0.28%,舞蹈,舞蹈综合
317117441,阿瘫日记,https://space.bilibili.com/317117441,3407.6,1943.0,299265,0.65%,生活,搞笑
688379639,考研数学武忠祥老师,https://space.bilibili.com/688379639,3453.4,1942.0,1089222,0.18%,知识,校园学习
1167678357,圆脸里里,https://space.bilibili.com/1167678357,2803.4,1941.0,18142,10.70%,时尚,美妆
23423168,棉白有点笨,https://space.bilibili.com/23423168,3434.2,1935.0,510520,0.38%,生活,日常
1020040160,永琪吗,https://space.bilibili.com/1020040160,3459.8,1934.0,1391737,0.14%,生活,搞笑
22857880,自己去买花,https://space.bilibili.com/22857880,2770.7,1932.0,16959,11.39%,影视,影视剪辑
1688563568,插画家斋藤直葵,https://space.bilibili.com/1688563568,3434.5,1927.0,410457,0.47%,生活,绘画
17239951,战辉,https://space.bilibili.com/17239951,3462.4,1927.0,1529695,0.13%,生活,搞笑
1372433,Super也好君,https://space.bilibili.com/1372433,3472.5,1920.0,2035191,0.09%,生活,搞笑
1594544533,???金金吉,https://space.bilibili.com/1594544533,2760.1,1918.0,16835,11.39%,生活,日常
1618410357,吃不饱仨战士,https://space.bilibili.com/1618410357,3455.1,1915.0,1289115,0.15%,美食,美食侦探
1705432440,皮皮在农村阿,https://space.bilibili.com/1705432440,3422.7,1914.0,385680,0.50%,生活,搞笑
7065799,小呆萝拉,https://space.bilibili.com/7065799,3415.1,1913.0,355186,0.54%,生活,日常
1993176476,一只猫也没有-,https://space.bilibili.com/1993176476,3251.6,1912.0,70003,2.73%,汽车,汽车生活
21096618,Jian-阿健,https://space.bilibili.com/21096618,3457.3,1909.0,391581,0.49%,音乐,原创音乐
789706,公主与熊-港乐放送,https://space.bilibili.com/789706,2758.4,1909.0,16753,11.39%,音乐,翻唱
43009725,红鞋女孩-君君,https://space.bilibili.com/43009725,2404.1,1909.0,10134,18.84%,时尚,服饰
1629347259,红警HBK08,https://space.bilibili.com/1629347259,3452.6,1909.0,1115671,0.17%,游戏,单机游戏
1584781599,梦幻小饼干哟,https://space.bilibili.com/1584781599,2740.2,1903.0,16258,11.71%,游戏,网络游戏
20564108,是删青啊,https://space.bilibili.com/20564108,3417.4,1898.0,321674,0.59%,音乐,演奏
1192565320,丽妃美食记,https://space.bilibili.com/1192565320,2971.5,1895.0,26468,7.16%,美食,美食制作
15636114,NoobJustin,https://space.bilibili.com/15636114,2766.8,1892.0,17014,11.12%,游戏,单机游戏
519253600,火柴人AlanBecker,https://space.bilibili.com/519253600,3460.2,1891.0,1393339,0.14%,动画,短片・手书・配音
349316844,轻歌er,https://space.bilibili.com/349316844,3345.4,1884.0,127740,1.47%,舞蹈,舞蹈综合
161082853,盖娜_Kaena,https://space.bilibili.com/161082853,2545.5,1878.0,12133,15.48%,游戏,网络游戏
2082254393,英语老师Lily,https://space.bilibili.com/2082254393,3437.2,1874.0,522318,0.36%,知识,校园学习
32686320,欧欧吃包包,https://space.bilibili.com/32686320,3343.3,1873.0,138656,1.35%,美食,美食测评
25876945,极客湾Geekerwan,https://space.bilibili.com/25876945,3487.6,1872.0,2863862,0.07%,科技,数码
446567059,北大荒绿森林放鹿人,https://space.bilibili.com/446567059,3403.3,1867.0,263412,0.71%,动物圈,野生动物
311871090,伟嘉gaara616,https://space.bilibili.com/311871090,3452.3,1865.0,728663,0.26%,时尚,服饰
1273265116,皓篮球,https://space.bilibili.com/1273265116,3420.7,1858.0,374258,0.50%,运动,篮球・足球
71946989,苗苗和茜茜,https://space.bilibili.com/71946989,3271.8,1857.0,79215,2.34%,生活,日常
2146289554,小潘儿同学啊,https://space.bilibili.com/2146289554,3124.3,1856.0,40000,4.64%,美食,美食记录
13164144,魔法Zc目录,https://space.bilibili.com/13164144,3470.5,1855.0,2183349,0.08%,游戏,手机游戏
1155574439,真子日记,https://space.bilibili.com/1155574439,3457,1853.0,1330349,0.14%,生活,搞笑
270355850,何止电影,https://space.bilibili.com/270355850,3467.3,1850.0,1289769,0.14%,影视,影视杂谈
342722155,考研政治徐涛,https://space.bilibili.com/342722155,3466.9,1850.0,2061877,0.09%,知识,校园学习
1686807946,cheems菊长,https://space.bilibili.com/1686807946,3283,1849.0,84560,2.19%,动画,综合
454719565,奇闻观察室,https://space.bilibili.com/454719565,3479.6,1848.0,2968953,0.06%,知识,人文历史
1184931848,我是雪怡,https://space.bilibili.com/1184931848,3334.8,1845.0,128857,1.43%,影视,短片
40643442,美大卡,https://space.bilibili.com/40643442,3219.4,1844.0,56032,3.29%,知识,人文历史
357508487,画画的花酿,https://space.bilibili.com/357508487,2613.7,1841.0,13389,13.75%,生活,绘画
500113220,臧老师的秒懂学堂,https://space.bilibili.com/500113220,3225.5,1836.0,61589,2.98%,知识,校园学习
474853499,李如儒也是李蠕蠕,https://space.bilibili.com/474853499,3459.6,1836.0,1490314,0.12%,生活,搞笑
690032092,菠萝昊呀,https://space.bilibili.com/690032092,3397.7,1835.0,255327,0.72%,游戏,网络游戏
1813412189,绘倾月_Lyselene,https://space.bilibili.com/1813412189,2593.3,1833.0,13049,14.05%,动画,综合
1785835505,唐晓文Remeidios,https://space.bilibili.com/1785835505,3406.3,1830.0,230442,0.79%,时尚,健身
517661394,刘逗逗不怎么逗,https://space.bilibili.com/517661394,3459.1,1829.0,1306677,0.14%,时尚,健身
1175405305,罗翔讲人生哲学,https://space.bilibili.com/1175405305,3443,1827.0,665436,0.27%,知识,社科・法律・心理
335941894,派总很强,https://space.bilibili.com/335941894,2603.1,1827.0,13254,13.78%,影视,影视杂谈
1534024896,????,https://space.bilibili.com/1534024896,3181.6,1825.0,50012,3.65%,动画,综合
4186021,初夏ChuXXia,https://space.bilibili.com/4186021,3422.6,1824.0,395157,0.46%,游戏,单机游戏
662609045,云社_,https://space.bilibili.com/662609045,3470.4,1822.0,1436923,0.13%,知识,人文历史
50070958,Tattoo牛,https://space.bilibili.com/50070958,3352.3,1821.0,143829,1.27%,时尚,服饰
350141815,小ZZ是大吃货,https://space.bilibili.com/350141815,2683.8,1816.0,14586,12.45%,生活,日常
492526525,小笼包老Gary,https://space.bilibili.com/492526525,3432.5,1809.0,488295,0.37%,知识,校园学习
1027479420,WPS大老板,https://space.bilibili.com/1027479420,3406.3,1809.0,258431,0.70%,知识,职业职场
1019455982,樱桃马天妮,https://space.bilibili.com/1019455982,3447.9,1807.0,668406,0.27%,影视,短片
1737769852,火只木南啊,https://space.bilibili.com/1737769852,3236.6,1807.0,62196,2.91%,生活,日常
15704085,阿九说拳,https://space.bilibili.com/15704085,3450.3,1803.0,807360,0.22%,生活,搞笑
330657633,钉宫草莓,https://space.bilibili.com/330657633,3278.4,1803.0,79176,2.28%,舞蹈,宅舞
285868415,成都市场监管,https://space.bilibili.com/285868415,3437.4,1801.0,593342,0.30%,生活,日常
1711342368,SERGEY谢尔盖,https://space.bilibili.com/1711342368,3464.6,1798.0,1467987,0.12%,美食,美食制作
352114039,美少女周刊,https://space.bilibili.com/352114039,2823.7,1798.0,18371,9.79%,娱乐,粉丝创作
1233374296,老猫牛楠,https://space.bilibili.com/1233374296,3244.1,1791.0,67685,2.65%,美食,美食制作
474493516,糗糗庄园,https://space.bilibili.com/474493516,3370.4,1789.0,164121,1.09%,动物圈,喵星人
4925207,芙芙家的洗碗君,https://space.bilibili.com/4925207,3471.6,1787.0,2027248,0.09%,动画,综合
14218962,编辑渡边,https://space.bilibili.com/14218962,3323.6,1783.0,107310,1.66%,知识,人文历史
454984558,一个姬灵,https://space.bilibili.com/454984558,3446.3,1783.0,622904,0.29%,生活,日常
43310262,Minecraft我的世界官方,https://space.bilibili.com/43310262,3460.2,1781.0,2345987,0.08%,游戏,单机游戏
551188239,企鹅带带北极熊,https://space.bilibili.com/551188239,3443.2,1781.0,556960,0.32%,游戏,手机游戏
67141,C酱です,https://space.bilibili.com/67141,3464.3,1778.0,1313282,0.14%,游戏,单机游戏
3116281,钢铁直男必老板,https://space.bilibili.com/3116281,3477.4,1777.0,1397580,0.13%,生活,日常
39279965,Insta360,https://space.bilibili.com/39279965,3407.7,1770.0,284250,0.62%,科技,
1819399073,二定有戏,https://space.bilibili.com/1819399073,2829.2,1768.0,19013,9.30%,影视,影视杂谈
35384562,-酱酱呀jiang-,https://space.bilibili.com/35384562,2766.5,1766.0,16346,10.80%,舞蹈,宅舞
299732210,-TS映画-,https://space.bilibili.com/299732210,3469.5,1764.0,810263,0.22%,动画,MAD・AMV
419738808,疯狂小杨哥,https://space.bilibili.com/419738808,3470.7,1763.0,4244386,0.04%,生活,搞笑
11643866,汤姆的混乱空间,https://space.bilibili.com/11643866,3448.4,1760.0,605654,0.29%,生活,搞笑
627577002,LE_SSERAFIM,https://space.bilibili.com/627577002,3397.3,1760.0,225166,0.78%,娱乐,明星
359516438,TED超级演讲家,https://space.bilibili.com/359516438,3463.6,1760.0,2112855,0.08%,知识,社科・法律・心理
4099287,佳茗,https://space.bilibili.com/4099287,3454.7,1760.0,839130,0.21%,舞蹈,明星舞蹈
11632604,-樱花兔-,https://space.bilibili.com/11632604,3370.7,1755.0,162314,1.08%,动画,MMD・3D
2079933284,河马君,https://space.bilibili.com/2079933284,3459.6,1755.0,1757369,0.10%,生活,搞笑
325257526,小必有点饿_,https://space.bilibili.com/325257526,3427.7,1754.0,449205,0.39%,美食,美食记录
1097119075,小鸭子厨房,https://space.bilibili.com/1097119075,3322.6,1751.0,110824,1.58%,美食,美食制作
1490327835,威艾劈,https://space.bilibili.com/1490327835,3110.6,1750.0,37364,4.68%,生活,日常
208130286,大物是也,https://space.bilibili.com/208130286,3453.3,1749.0,811955,0.22%,生活,搞笑
4974304,是千夜未来啊,https://space.bilibili.com/4974304,3446.7,1748.0,707397,0.25%,生活,日常
37090048,哔哩哔哩创作中心,https://space.bilibili.com/37090048,3481.1,1744.0,6678946,0.03%,生活,日常
1837617,薄海纸鱼,https://space.bilibili.com/1837617,3465.7,1738.0,3250148,0.05%,游戏,单机游戏
51896064,罗汉解说,https://space.bilibili.com/51896064,3488.5,1726.0,2563875,0.07%,游戏,电子竞技
1379165407,-超级小能猫-,https://space.bilibili.com/1379165407,3391.2,1726.0,222578,0.78%,生活,搞笑
29303761,非手工,https://space.bilibili.com/29303761,3301.2,1725.0,86746,1.99%,生活,手工
14804670,无穷小亮的科普日常,https://space.bilibili.com/14804670,3489.7,1724.0,8027252,0.02%,知识,科学科普
1366749138,剑九游戏解说,https://space.bilibili.com/1366749138,3326.7,1719.0,119907,1.43%,游戏,电子竞技
67503693,小胡胡胡呀,https://space.bilibili.com/67503693,3228.5,1717.0,62103,2.76%,娱乐,明星
12073864,-碱式碳酸咸鱼-,https://space.bilibili.com/12073864,3297.7,1716.0,94058,1.82%,游戏,手机游戏
40497786,小圆脸沐沐,https://space.bilibili.com/40497786,2681,1716.0,14620,11.74%,游戏,单机游戏
9535164,一加手机,https://space.bilibili.com/9535164,3439.2,1715.0,562232,0.31%,科技,数码
386869863,培根悖论唠唠嗑,https://space.bilibili.com/386869863,3468.4,1712.0,1458396,0.12%,影视,影视杂谈
474595622,永劫无间赛事,https://space.bilibili.com/474595622,3373.2,1712.0,188619,0.91%,游戏,电子竞技
606240878,z做我的猫i,https://space.bilibili.com/606240878,3411.4,1712.0,325523,0.53%,生活,日常
446666497,keruDD,https://space.bilibili.com/446666497,3349.6,1711.0,140031,1.22%,时尚,美妆
8465957,乌鸦预告片,https://space.bilibili.com/8465957,3473.5,1710.0,1382861,0.12%,影视,预告・资讯
65890998,五更百鬼,https://space.bilibili.com/65890998,3418.9,1707.0,332147,0.51%,生活,日常
647175132,Cheems降临,https://space.bilibili.com/647175132,3204.9,1707.0,55765,3.06%,动画,短片・手书・配音
343348,口袋迷ag,https://space.bilibili.com/343348,3445.7,1704.0,644908,0.26%,游戏,单机游戏
1398337493,禁漫娘咔姬鲁offical,https://space.bilibili.com/1398337493,3420.3,1704.0,360522,0.47%,动画,综合
1859189432,一诺求生录,https://space.bilibili.com/1859189432,3431,1703.0,424153,0.40%,知识,野生技能协会
2100679,还有醒着的么,https://space.bilibili.com/2100679,3435.8,1700.0,446077,0.38%,生活,绘画
355819214,YumeRuo,https://space.bilibili.com/355819214,3196.9,1700.0,53802,3.16%,生活,日常
12566101,秋~aaaki,https://space.bilibili.com/12566101,3411,1700.0,240631,0.71%,动画,综合
612194373,沙盘上的战争,https://space.bilibili.com/612194373,3466.6,1689.0,1807877,0.09%,知识,人文历史
1271916102,上将王司徒,https://space.bilibili.com/1271916102,3449.4,1684.0,981376,0.17%,知识,科学科普
349283127,飓风城主,https://space.bilibili.com/349283127,2857.8,1684.0,19967,8.43%,游戏,网络游戏
2030008997,菠萝娘小萝,https://space.bilibili.com/2030008997,2501.3,1682.0,11433,14.71%,国创,国产原创相关
16248639,冲浪达人阿怡,https://space.bilibili.com/16248639,3452.7,1682.0,1021547,0.16%,生活,搞笑
486607237,我是真的菜菜,https://space.bilibili.com/486607237,3425,1681.0,378096,0.44%,时尚,服饰
67907025,猴博士爱讲课,https://space.bilibili.com/67907025,3452,1680.0,1296994,0.13%,知识,校园学习
590166879,闰土RUNTU,https://space.bilibili.com/590166879,3424.7,1679.0,363602,0.46%,时尚,服饰
181976878,Fairy卓,https://space.bilibili.com/181976878,3113.7,1675.0,36199,4.63%,时尚,服饰
288199917,小海锤石,https://space.bilibili.com/288199917,3429,1675.0,487128,0.34%,游戏,电子竞技
1690641957,一点老师,https://space.bilibili.com/1690641957,3414.2,1674.0,324033,0.52%,知识,校园学习
72209046,央视纪录,https://space.bilibili.com/72209046,3454.3,1672.0,1103408,0.15%,纪录片,人文・历史
375122112,专业沙雕特效师,https://space.bilibili.com/375122112,3371.8,1669.0,178994,0.93%,动画,短片・手书・配音
49746395,云顶作坊,https://space.bilibili.com/49746395,3478.8,1669.0,1725702,0.10%,知识,野生技能协会
410606408,甜宠Tino,https://space.bilibili.com/410606408,3386.6,1668.0,211985,0.79%,生活,日常
25150941,极速拍档,https://space.bilibili.com/25150941,3474,1667.0,2234623,0.07%,生活,汽车生活
1567141152,燕云十六声官方,https://space.bilibili.com/1567141152,3267.6,1665.0,79158,2.10%,游戏,网络游戏
90361813,三十六贱笑,https://space.bilibili.com/90361813,3530.9,1664.0,5232501,0.03%,动画,短片・手书・配音
203680252,AYCSGO,https://space.bilibili.com/203680252,3406.7,1663.0,295251,0.56%,游戏,电子竞技
125776535,萌新二次方,https://space.bilibili.com/125776535,3467.6,1662.0,1516290,0.11%,游戏,手机游戏
2080561247,空之要塞启航,https://space.bilibili.com/2080561247,3374.1,1662.0,193871,0.86%,游戏,手机游戏
1988929420,侃木头哦,https://space.bilibili.com/1988929420,3434.2,1658.0,435041,0.38%,知识,社科・法律・心理
30131971,彩虹人ovo,https://space.bilibili.com/30131971,3435.3,1658.0,663237,0.25%,生活,搞笑
17431502,郭潇雨的流行声乐课堂,https://space.bilibili.com/17431502,3443.7,1654.0,681466,0.24%,音乐,音乐综合
1291089667,暖雪warmsnow,https://space.bilibili.com/1291089667,3402.2,1652.0,285365,0.58%,游戏,单机游戏
2396455,野生kana酱,https://space.bilibili.com/2396455,3183.6,1650.0,47684,3.46%,生活,绘画
1204030874,酒鬼张爱喝点,https://space.bilibili.com/1204030874,3020.5,1648.0,29655,5.56%,美食,美食测评
270494247,血小板??????,https://space.bilibili.com/270494247,3460.8,1644.0,678762,0.24%,动画,MAD・AMV
652137183,六分超超,https://space.bilibili.com/652137183,3429.9,1644.0,408372,0.40%,科技,数码
1047377798,直男文史课,https://space.bilibili.com/1047377798,3412.6,1644.0,343038,0.48%,知识,人文历史
6881178,会变攻的西瓜,https://space.bilibili.com/6881178,3419.5,1638.0,318443,0.51%,时尚,美妆
2031534141,D级人员零,https://space.bilibili.com/2031534141,3447.8,1638.0,944064,0.17%,知识,人文历史
61898737,热气AD,https://space.bilibili.com/61898737,3311.4,1637.0,105210,1.56%,游戏,电子竞技
487011311,魁子画画画,https://space.bilibili.com/487011311,2808,1637.0,17481,9.36%,生活,绘画
319316266,青衣温浊酒,https://space.bilibili.com/319316266,2860.1,1635.0,19804,8.26%,知识,人文历史
312760509,名字就叫大梦一场,https://space.bilibili.com/312760509,3442.5,1634.0,611009,0.27%,游戏,手机游戏
43724742,怎么这样的呐,https://space.bilibili.com/43724742,3067.4,1633.0,32712,4.99%,舞蹈,舞蹈综合
476704454,小文哥吃吃吃,https://space.bilibili.com/476704454,3505.1,1628.0,3468730,0.05%,美食,美食制作
432075519,大宝小宝为民为公,https://space.bilibili.com/432075519,3343.4,1626.0,130481,1.25%,知识,校园学习
1501570939,江浩的江,https://space.bilibili.com/1501570939,2947.5,1624.0,24343,6.67%,生活,搞笑
33915326,岁月装填,https://space.bilibili.com/33915326,3249.8,1621.0,67980,2.38%,动画,短片・手书・配音
455440848,贺了这杯,https://space.bilibili.com/455440848,3249.4,1620.0,68947,2.35%,生活,搞笑
231117076,阿廖沙别害怕_,https://space.bilibili.com/231117076,3427.9,1618.0,434154,0.37%,生活,搞笑
12474129,爱吃蛋饺的小染喵,https://space.bilibili.com/12474129,3407.7,1617.0,254933,0.63%,舞蹈,舞蹈综合
6060748,八号八号八,https://space.bilibili.com/6060748,2817.4,1613.0,18263,8.83%,生活,日常
2026548816,乔乔和夫夫,https://space.bilibili.com/2026548816,3438.2,1610.0,572653,0.28%,生活,搞笑
1275264271,是啵啵星球啊,https://space.bilibili.com/1275264271,3388.6,1608.0,227938,0.71%,动画,短片・手书・配音
434376696,阿Test正经比比,https://space.bilibili.com/434376696,3479.1,1608.0,1908288,0.08%,知识,社科・法律・心理
441617811,kurumamado,https://space.bilibili.com/441617811,3112.7,1607.0,38269,4.20%,音乐,翻唱
334990508,隔壁教化学的李清越,https://space.bilibili.com/334990508,3422.7,1604.0,356450,0.45%,知识,校园学习
15892313,知名相声演员BBBBB大王,https://space.bilibili.com/15892313,3431.8,1601.0,506553,0.32%,时尚,美妆
316937481,奇迹阮阮,https://space.bilibili.com/316937481,2586.4,1597.0,12614,12.66%,舞蹈,明星舞蹈
1195284234,李白尼的猜想,https://space.bilibili.com/1195284234,3458.6,1594.0,1414613,0.11%,知识,科学科普
141509460,Feiwan_,https://space.bilibili.com/141509460,3272.6,1594.0,73698,2.16%,娱乐,粉丝创作
7745794,K小K嗷,https://space.bilibili.com/7745794,3378.1,1594.0,171432,0.93%,舞蹈,明星舞蹈
395619513,旁门左道PPT,https://space.bilibili.com/395619513,3471.9,1591.0,1888158,0.08%,知识,设计・创意
357665034,数学汤家凤,https://space.bilibili.com/357665034,3465.7,1589.0,1758284,0.09%,知识,校园学习
1546266567,老丛视线,https://space.bilibili.com/1546266567,3219.9,1589.0,59432,2.67%,动物圈,动物综合
238839744,一个听歌的频道,https://space.bilibili.com/238839744,2527.7,1589.0,11690,13.59%,音乐,音乐综合
297201719,刘嬷嬷Foodtrip,https://space.bilibili.com/297201719,2882.6,1587.0,20985,7.56%,美食,美食制作
284700508,主持人欧文浩,https://space.bilibili.com/284700508,3441.4,1586.0,724051,0.22%,生活,搞笑
207942682,这是一个CY,https://space.bilibili.com/207942682,3415.6,1583.0,335781,0.47%,游戏,手机游戏
412504829,文韬Stefan,https://space.bilibili.com/412504829,3467.4,1582.0,1150984,0.14%,游戏,单机游戏
1453338238,菲谢选天,https://space.bilibili.com/1453338238,2823.1,1582.0,18316,8.64%,时尚,服饰
63486758,范李猿,https://space.bilibili.com/63486758,3466.3,1580.0,1336595,0.12%,生活,日常
1579895002,蜜汁C今天摸了,https://space.bilibili.com/1579895002,3072.1,1577.0,33486,4.71%,动画,综合
1856916260,辣辣pony,https://space.bilibili.com/1856916260,3428.9,1577.0,425334,0.37%,时尚,美妆
735958,胖达粑粑,https://space.bilibili.com/735958,3422.7,1575.0,382644,0.41%,生活,搞笑
4889986,是团宝吖,https://space.bilibili.com/4889986,3430.3,1575.0,440534,0.36%,生活,搞笑
1577804,某幻君,https://space.bilibili.com/1577804,3519.1,1573.0,7555392,0.02%,游戏,单机游戏
47718249,西奈格兰德,https://space.bilibili.com/47718249,3394.1,1573.0,212451,0.74%,生活,日常
402002385,秃马君,https://space.bilibili.com/402002385,3422.6,1572.0,353936,0.44%,生活,搞笑
326081112,夹性芝士,https://space.bilibili.com/326081112,3472.7,1568.0,2527577,0.06%,知识,科学科普
1562750317,宿命回响,https://space.bilibili.com/1562750317,3365.6,1566.0,173445,0.90%,动画,综合
4720150,颜清影,https://space.bilibili.com/4720150,2711.9,1566.0,14835,10.56%,生活,绘画
365184736,Big胖,https://space.bilibili.com/365184736,3171.9,1566.0,47828,3.27%,运动,篮球・足球
1124444377,洋叔每日说,https://space.bilibili.com/1124444377,2590.5,1564.0,12759,12.26%,知识,社科・法律・心理
395991094,电影迷小雅,https://space.bilibili.com/395991094,3449.9,1563.0,852764,0.18%,影视,影视杂谈
415897343,初九Haimon,https://space.bilibili.com/415897343,3382.5,1563.0,209666,0.75%,时尚,美妆
546195,老番茄,https://space.bilibili.com/546195,3591.3,1562.0,17923675,0.01%,游戏,单机游戏
294658260,小开整好活,https://space.bilibili.com/294658260,3218,1561.0,57811,2.70%,鬼畜,鬼畜剧场
481885544,YouTube英语屋,https://space.bilibili.com/481885544,3459.9,1561.0,681801,0.23%,知识,校园学习
1644053613,是个泡泡_Pao,https://space.bilibili.com/1644053613,3459.6,1560.0,1737018,0.09%,美食,美食测评
68134500,张大碗子,https://space.bilibili.com/68134500,3445.3,1560.0,700277,0.22%,知识,社科・法律・心理
393166851,大碗拿铁,https://space.bilibili.com/393166851,3490.4,1558.0,3201938,0.05%,美食,美食制作
1073551179,商业大咖说,https://space.bilibili.com/1073551179,2766,1557.0,16671,9.34%,知识,财经商业
286980475,聚划算,https://space.bilibili.com/286980475,3394.5,1555.0,214736,0.72%,动画,短片・手书・配音
454755309,YouTube口语精选,https://space.bilibili.com/454755309,3479.9,1552.0,2680855,0.06%,知识,校园学习
321084528,历史老师定哥,https://space.bilibili.com/321084528,3455.2,1551.0,917826,0.17%,知识,校园学习
268996607,讲历史的张老师,https://space.bilibili.com/268996607,3382.2,1548.0,210088,0.74%,知识,校园学习
1327216231,小员救税,https://space.bilibili.com/1327216231,3008,1548.0,28362,5.46%,运动,运动综合
1135354469,医维度解剖app,https://space.bilibili.com/1135354469,3439.5,1548.0,643576,0.24%,知识,科学科普
12204532,你的欲梦呀,https://space.bilibili.com/12204532,3402.7,1547.0,266977,0.58%,生活,日常
426394115,夜北鸢枫,https://space.bilibili.com/426394115,2763.1,1545.0,16565,9.33%,游戏,手机游戏
1182716845,锅の缸,https://space.bilibili.com/1182716845,3424.8,1544.0,425912,0.36%,娱乐,综艺
403246603,英语这样用LEC,https://space.bilibili.com/403246603,3199.4,1543.0,52394,2.94%,知识,校园学习
675198910,小小雷小小雷,https://space.bilibili.com/675198910,2622.2,1542.0,13302,11.59%,时尚,服饰
1683159082,五月病official,https://space.bilibili.com/1683159082,2760.8,1540.0,16356,9.42%,动画,综合
99157282,盗月社食遇记,https://space.bilibili.com/99157282,3587.4,1539.0,7159227,0.02%,美食,美食侦探
304578055,Mr迷瞪,https://space.bilibili.com/304578055,3458.2,1538.0,1047155,0.15%,生活,家居房产
14909716,蓝红酱,https://space.bilibili.com/14909716,3364.7,1533.0,159669,0.96%,游戏,音游
2573119,尼莫电影,https://space.bilibili.com/2573119,3014.8,1533.0,28871,5.31%,影视,影视杂谈
933478,爱德华薛,https://space.bilibili.com/933478,3455.1,1532.0,1067947,0.14%,生活,日常
836885,清和Alicia,https://space.bilibili.com/836885,3465.4,1531.0,1552917,0.10%,时尚,服饰
1435696727,沈奕斐和商建刚,https://space.bilibili.com/1435696727,3371.9,1530.0,164779,0.93%,生活,日常
18841842,慕慕有奶糖,https://space.bilibili.com/18841842,3455.4,1525.0,640302,0.24%,舞蹈,舞蹈综合
437776188,半颗柠檬9,https://space.bilibili.com/437776188,3155.4,1525.0,41243,3.70%,生活,日常
416622817,步玎Pudding,https://space.bilibili.com/416622817,3422.7,1523.0,348177,0.44%,游戏,手机游戏
472715108,抛光狂魔,https://space.bilibili.com/472715108,3314.2,1521.0,108395,1.40%,生活,手工
74311192,道格有声书,https://space.bilibili.com/74311192,3397.3,1520.0,219743,0.69%,知识,人文历史
473980129,峡谷想秀君,https://space.bilibili.com/473980129,2984.4,1519.0,26916,5.64%,游戏,电子竞技
390527713,史蒂夫MCsteve,https://space.bilibili.com/390527713,3454.8,1516.0,1152060,0.13%,游戏,单机游戏
1876811292,张娜英_young22,https://space.bilibili.com/1876811292,3444.1,1515.0,607544,0.25%,生活,日常
46321557,无星Elio,https://space.bilibili.com/46321557,3403.2,1515.0,259566,0.58%,时尚,服饰
50316381,疆域阿力木,https://space.bilibili.com/50316381,3465.4,1512.0,1856728,0.08%,生活,搞笑
2065615514,特务卷卷,https://space.bilibili.com/2065615514,3432.2,1512.0,524991,0.29%,时尚,美妆
63018667,厄风剑仙姐姐会开挂,https://space.bilibili.com/63018667,2656.8,1509.0,13959,10.81%,游戏,网络游戏
336036831,考研你终硕,https://space.bilibili.com/336036831,3409.1,1507.0,232217,0.65%,知识,校园学习
4170108,霖也玉子,https://space.bilibili.com/4170108,3327.3,1505.0,115339,1.30%,游戏,手机游戏
365173856,柳岩LIUYAN,https://space.bilibili.com/365173856,3443.4,1505.0,634687,0.24%,娱乐,明星
686127,籽岷,https://space.bilibili.com/686127,3494.4,1503.0,3748567,0.04%,游戏,单机游戏
388757886,堆樱桃的小丸子lulu,https://space.bilibili.com/388757886,3228.7,1502.0,60654,2.48%,生活,手工
1244227141,穆天然-,https://space.bilibili.com/1244227141,3408.5,1501.0,295475,0.51%,生活,搞笑
1608143829,塞尔维亚国家馆,https://space.bilibili.com/1608143829,3351,1501.0,139520,1.08%,生活,日常
1420982,黑猫厨房,https://space.bilibili.com/1420982,3510.5,1497.0,4297664,0.03%,美食,美食制作
411379495,吴彦祖秃顶版,https://space.bilibili.com/411379495,3461.9,1496.0,1324206,0.11%,时尚,健身
7584632,哔哩哔哩纪录片,https://space.bilibili.com/7584632,3400.5,1496.0,7479650,0.02%,纪录片,社会・美食・旅行
1062068123,晨晨和典典,https://space.bilibili.com/1062068123,3432.5,1494.0,535453,0.28%,生活,搞笑
618278299,群姐不懂历史,https://space.bilibili.com/618278299,2442.8,1491.0,10256,14.54%,知识,人文历史
330246090,超极氪,https://space.bilibili.com/330246090,3451.5,1491.0,948508,0.16%,科技,数码
1804041153,咩咩子的穿搭日记,https://space.bilibili.com/1804041153,3139.4,1488.0,41154,3.62%,时尚,服饰
23008074,有轶见的Kris,https://space.bilibili.com/23008074,3434.5,1486.0,429178,0.35%,知识,社科・法律・心理
568699244,张若宇,https://space.bilibili.com/568699244,3450.6,1486.0,1005717,0.15%,生活,搞笑
395089518,阿帅派克,https://space.bilibili.com/395089518,3397.4,1476.0,254376,0.58%,游戏,电子竞技
223953680,离殇丶破晓,https://space.bilibili.com/223953680,2774.5,1475.0,16838,8.76%,游戏,手机游戏
352701548,土木开皮员儿,https://space.bilibili.com/352701548,3327.8,1475.0,110950,1.33%,知识,职业职场
378970197,清清日常被揍,https://space.bilibili.com/378970197,3364.5,1472.0,159985,0.92%,舞蹈,舞蹈综合
414336759,路温1900,https://space.bilibili.com/414336759,3492.6,1472.0,2707249,0.05%,影视,影视杂谈
5260378,白勺啊达,https://space.bilibili.com/5260378,3480.5,1472.0,1131818,0.13%,鬼畜,人力VOCALOID
50419575,404Abandoned,https://space.bilibili.com/50419575,3380.3,1472.0,201242,0.73%,生活,日常
86696306,春日限定水镜子,https://space.bilibili.com/86696306,3273.4,1471.0,79225,1.86%,游戏,手机游戏
1210816252,greentaffy,https://space.bilibili.com/1210816252,2576.4,1470.0,12318,11.93%,动画,综合
348989367,沫子瞪片,https://space.bilibili.com/348989367,3446.1,1470.0,669112,0.22%,影视,影视杂谈
10334523,史蒂芬周大反派,https://space.bilibili.com/10334523,3445.5,1470.0,611981,0.24%,影视,影视杂谈
1612935698,法兰西小欣欣,https://space.bilibili.com/1612935698,3259.9,1469.0,71964,2.04%,知识,校园学习
435858133,白理枳,https://space.bilibili.com/435858133,2703.4,1469.0,14544,10.10%,生活,其他
271970833,颉斌斌老师,https://space.bilibili.com/271970833,3448,1469.0,648815,0.23%,知识,校园学习
596866446,无处安放的小A,https://space.bilibili.com/596866446,3459,1467.0,1680644,0.09%,知识,财经商业
44980991,会放羊的教书匠,https://space.bilibili.com/44980991,3431.9,1467.0,449739,0.33%,知识,校园学习
21837784,阿斗归来了,https://space.bilibili.com/21837784,3521.3,1465.0,5331328,0.03%,影视,影视杂谈
323588182,Sir电影,https://space.bilibili.com/323588182,3396.1,1464.0,237936,0.62%,影视,影视杂谈
187681452,崭棠,https://space.bilibili.com/187681452,3375.1,1464.0,164038,0.89%,音乐,翻唱
2000819931,中国国家地理,https://space.bilibili.com/2000819931,3471.6,1464.0,2791902,0.05%,知识,科学科普
185553190,长叶松烯,https://space.bilibili.com/185553190,2704,1462.0,14745,9.92%,知识,科学科普
102174207,月映万川Tole,https://space.bilibili.com/102174207,2876.5,1460.0,20261,7.21%,知识,校园学习
39839686,小岗同学,https://space.bilibili.com/39839686,3434.1,1460.0,516222,0.28%,生活,日常
5374954,深海色带鱼,https://space.bilibili.com/5374954,3495.1,1460.0,1482312,0.10%,鬼畜,鬼畜调教
504648459,贫穷料理,https://space.bilibili.com/504648459,3458.2,1460.0,1126212,0.13%,美食,美食制作
117779496,想去318,https://space.bilibili.com/117779496,2723,1459.0,15396,9.48%,游戏,单机游戏
13604554,王氏上单,https://space.bilibili.com/13604554,3307.5,1455.0,101889,1.43%,游戏,电子竞技
348487243,她脚踝银铃响了,https://space.bilibili.com/348487243,3404.2,1453.0,221017,0.66%,国创,国产原创相关
592449193,木下佑香official,https://space.bilibili.com/592449193,3446.8,1449.0,778318,0.19%,美食,美食制作
1986039004,Tiger西西,https://space.bilibili.com/1986039004,3451.2,1447.0,892496,0.16%,美食,美食制作
1076872109,界世的我FISH,https://space.bilibili.com/1076872109,3384.9,1447.0,206055,0.70%,游戏,单机游戏
387727185,吕晓明,https://space.bilibili.com/387727185,3063.6,1444.0,32775,4.41%,运动,篮球・足球
452412746,Yooupi食途,https://space.bilibili.com/452412746,3451.5,1443.0,940593,0.15%,美食,美食侦探
694769031,瑶咂喵,https://space.bilibili.com/694769031,2436.9,1441.0,10179,14.16%,动画,短片・手书・配音
472371574,玛丽莲_馒头,https://space.bilibili.com/472371574,3301.3,1441.0,95544,1.51%,生活,日常
1691347,大橙橙橙子,https://space.bilibili.com/1691347,3465.6,1439.0,2125639,0.07%,游戏,单机游戏
687842065,公考菜鸟will,https://space.bilibili.com/687842065,3309.5,1438.0,98746,1.46%,知识,校园学习
388037313,李宗恒Actor,https://space.bilibili.com/388037313,3265.2,1438.0,73716,1.95%,生活,搞笑
397040311,郑楠楠Nan,https://space.bilibili.com/397040311,2672.9,1437.0,14218,10.11%,运动,
502925577,袁启聪,https://space.bilibili.com/502925577,3447.4,1437.0,715400,0.20%,汽车,汽车生活
11429061,夏叔厨房,https://space.bilibili.com/11429061,3433.4,1434.0,448833,0.32%,美食,美食制作
448019333,也就那点事儿-,https://space.bilibili.com/448019333,3462.9,1433.0,1853873,0.08%,生活,搞笑
1371129404,联发科技官方,https://space.bilibili.com/1371129404,2885.3,1432.0,20901,6.85%,科技,数码
416601949,化学超人,https://space.bilibili.com/416601949,3452.8,1432.0,825760,0.17%,知识,校园学习
34173336,可以吃的小奶糖,https://space.bilibili.com/34173336,3431.2,1429.0,451343,0.32%,生活,日常
35579222,紫颜-小仙紫,https://space.bilibili.com/35579222,3471.5,1429.0,763450,0.19%,舞蹈,中国舞
343849343,纳尔教主,https://space.bilibili.com/343849343,3357.2,1428.0,158432,0.90%,游戏,电子竞技
1140672573,小王Albert,https://space.bilibili.com/1140672573,3471.7,1428.0,2096809,0.07%,知识,人文历史
1587071913,阮遇_,https://space.bilibili.com/1587071913,3337.3,1426.0,126318,1.13%,生活,日常
36900917,凉拌莲菜,https://space.bilibili.com/36900917,3248.9,1424.0,66380,2.15%,鬼畜,鬼畜调教
399558032,剑桥的小里森,https://space.bilibili.com/399558032,3416.1,1423.0,335378,0.42%,生活,日常
3032988,密子君,https://space.bilibili.com/3032988,3475.4,1422.0,3213289,0.04%,美食,美食侦探
291490687,TED英语角,https://space.bilibili.com/291490687,3254.8,1422.0,69074,2.06%,知识,校园学习
1222405775,影河旅者,https://space.bilibili.com/1222405775,3225.9,1421.0,59441,2.39%,影视,影视杂谈
68423388,建德保安大队,https://space.bilibili.com/68423388,3362.1,1420.0,160142,0.89%,生活,搞笑
382931759,邻家小妹装机馆,https://space.bilibili.com/382931759,3417.3,1413.0,351898,0.40%,科技,
517968580,林述巍JACKLIN,https://space.bilibili.com/517968580,3454.8,1413.0,911322,0.16%,美食,美食制作
1781681364,特厨-魏味,https://space.bilibili.com/1781681364,3298.3,1412.0,94829,1.49%,美食,美食侦探
517756701,-L枫-,https://space.bilibili.com/517756701,3437.5,1410.0,422069,0.33%,动画,MMD・3D
493570956,欧阳春晓Aurora,https://space.bilibili.com/493570956,3485.8,1410.0,3817130,0.04%,时尚,健身
483301783,YouTube英语精选,https://space.bilibili.com/483301783,3471.9,1407.0,2083574,0.07%,知识,校园学习
402576555,画渣花小烙,https://space.bilibili.com/402576555,3474.6,1407.0,3416057,0.04%,知识,科学科普
18157359,唐卡七,https://space.bilibili.com/18157359,3440.3,1406.0,651701,0.22%,时尚,美妆
479638189,一万块为所欲为,https://space.bilibili.com/479638189,3405.8,1405.0,267796,0.52%,汽车,汽车生活
19609514,李白白LEO,https://space.bilibili.com/19609514,3279.9,1403.0,82279,1.71%,时尚,美妆
413315783,PS教程,https://space.bilibili.com/413315783,3449.3,1402.0,1078684,0.13%,知识,野生技能协会
482673878,凳子凳子_,https://space.bilibili.com/482673878,3436,1400.0,510098,0.27%,生活,搞笑
2629890,女汉子字幕组,https://space.bilibili.com/2629890,3460.1,1398.0,879820,0.16%,娱乐,综艺
479622337,云吞它爹,https://space.bilibili.com/479622337,3447.6,1398.0,785455,0.18%,生活,搞笑
274307274,画久久99,https://space.bilibili.com/274307274,3415.5,1397.0,306667,0.46%,生活,绘画
1078633469,伞斌一号,https://space.bilibili.com/1078633469,2857.1,1397.0,19596,7.13%,游戏,网络游戏
222103174,小央视频,https://space.bilibili.com/222103174,3483.1,1396.0,3215387,0.04%,资讯,环球
1041280326,路灰气球z,https://space.bilibili.com/1041280326,3261.6,1395.0,66105,2.11%,音乐,演奏
332811856,韩综迈扣,https://space.bilibili.com/332811856,3440.2,1392.0,615393,0.23%,娱乐,综艺
451959062,阿超勇der,https://space.bilibili.com/451959062,3453.8,1392.0,1030647,0.14%,生活,日常
1022762448,陈一明在这,https://space.bilibili.com/1022762448,3364.6,1391.0,151116,0.92%,生活,日常
13258564,蛋黄mayo_,https://space.bilibili.com/13258564,3430,1390.0,438693,0.32%,生活,日常
742472,巫兔菌,https://space.bilibili.com/742472,3436.5,1387.0,399773,0.35%,音乐,VOCALOID・UTAU
7907806,万老板,https://space.bilibili.com/7907806,3427.8,1385.0,326359,0.42%,生活,绘画
1320581,游戏彩笔,https://space.bilibili.com/1320581,3452.3,1384.0,779685,0.18%,游戏,手机游戏
95515699,粤知一二,https://space.bilibili.com/95515699,3480.8,1384.0,2872338,0.05%,生活,搞笑
549336058,郑在卖车,https://space.bilibili.com/549336058,3076.6,1384.0,34440,4.02%,汽车,购车攻略
4637682,绘之音,https://space.bilibili.com/4637682,3444.4,1383.0,495450,0.28%,动画,短片・手书・配音
1670922188,醉酒的大木博士,https://space.bilibili.com/1670922188,3370.7,1382.0,176533,0.78%,游戏,单机游戏
321173469,哔哩哔哩大会员,https://space.bilibili.com/321173469,3309.5,1382.0,25711835,0.01%,生活,日常
1435763605,亦鸽呀,https://space.bilibili.com/1435763605,2844.2,1380.0,19096,7.23%,游戏,电子竞技
388323384,Feice660,https://space.bilibili.com/388323384,3214.9,1379.0,58299,2.37%,游戏,电子竞技
504018708,靳卫萍老师,https://space.bilibili.com/504018708,3308.3,1379.0,99592,1.38%,知识,财经商业
650122962,如烟_-__,https://space.bilibili.com/650122962,3392.1,1371.0,226764,0.60%,舞蹈,舞蹈综合
9153331,小野妹子w,https://space.bilibili.com/9153331,3461.2,1371.0,955451,0.14%,舞蹈,明星舞蹈
533459953,刘庸干净又卫生,https://space.bilibili.com/533459953,3485.4,1371.0,4349529,0.03%,美食,美食侦探
88895225,张镇辉台球教学,https://space.bilibili.com/88895225,3449.8,1370.0,1020023,0.13%,运动,运动综合
18337466,张三普法,https://space.bilibili.com/18337466,3460.5,1370.0,1614543,0.08%,知识,社科・法律・心理
255263412,羊羊羊PD,https://space.bilibili.com/255263412,3453.7,1370.0,1016453,0.13%,美食,美食侦探
37686998,箱崎千香_Channel,https://space.bilibili.com/37686998,2658,1365.0,13783,9.90%,游戏,单机游戏
50660116,上班族的便当,https://space.bilibili.com/50660116,3476.2,1364.0,2322326,0.06%,美食,美食制作
269319344,光影笔墨,https://space.bilibili.com/269319344,3463.3,1364.0,1940457,0.07%,动画,综合
1267193437,毛立平,https://space.bilibili.com/1267193437,3432.4,1362.0,464981,0.29%,知识,人文历史
11087556,智慧少女派,https://space.bilibili.com/11087556,3239.5,1360.0,64615,2.10%,生活,日常
1920253,王知无,https://space.bilibili.com/1920253,3430.8,1359.0,407634,0.33%,影视,影视杂谈
514771350,ZesT小天,https://space.bilibili.com/514771350,3341.3,1358.0,123917,1.10%,音乐,原创音乐
393355516,CQ业余无线电,https://space.bilibili.com/393355516,2572.8,1356.0,12268,11.05%,知识,野生技能协会
443237317,野生11,https://space.bilibili.com/443237317,3354.5,1352.0,152615,0.89%,汽车,汽车生活
26104684,逗比寒MillerRHan,https://space.bilibili.com/26104684,3439,1351.0,550811,0.25%,游戏,手机游戏
480363051,渣渣辉TD,https://space.bilibili.com/480363051,3401.8,1350.0,273869,0.49%,游戏,单机游戏
404761607,大牙考研,https://space.bilibili.com/404761607,3446,1350.0,428333,0.32%,知识,校园学习
524956844,通信考研小马哥,https://space.bilibili.com/524956844,2757.8,1348.0,16186,8.33%,知识,校园学习
1235348314,时崎狂三子,https://space.bilibili.com/1235348314,3260.6,1348.0,69337,1.94%,时尚,服饰
471009583,羊羊的地理教室,https://space.bilibili.com/471009583,3415,1348.0,333462,0.40%,知识,校园学习
300994119,沙雕网友咸叽叽,https://space.bilibili.com/300994119,3460,1347.0,1438057,0.09%,生活,搞笑
429913769,Econmedian,https://space.bilibili.com/429913769,3393.2,1345.0,225110,0.60%,知识,校园学习
230926815,阿星and阿奇,https://space.bilibili.com/230926815,3450.1,1341.0,1039693,0.13%,生活,搞笑
505601772,大家的养分,https://space.bilibili.com/505601772,2963.1,1340.0,25261,5.30%,美食,美食记录
490616085,做早餐的奇妈,https://space.bilibili.com/490616085,3340.8,1340.0,130548,1.03%,美食,美食制作
95414147,van艺复泄,https://space.bilibili.com/95414147,3361.6,1340.0,152432,0.88%,鬼畜,鬼畜调教
1238329219,觅2,https://space.bilibili.com/1238329219,3434.4,1339.0,489671,0.27%,动画,短片・手书・配音
1302614305,Lisa辰Lisa辰,https://space.bilibili.com/1302614305,3372.8,1336.0,185252,0.72%,生活,搞笑
390898500,一目十影,https://space.bilibili.com/390898500,3455.7,1335.0,1115961,0.12%,影视,影视杂谈
507578555,IOI科技,https://space.bilibili.com/507578555,2787.5,1333.0,17100,7.80%,科技,软件应用
2073012767,美月もも,https://space.bilibili.com/2073012767,3358.8,1333.0,125938,1.06%,动画,综合
1170956714,荣耀对抗路,https://space.bilibili.com/1170956714,3175.5,1331.0,49122,2.71%,游戏,电子竞技
81554471,潇潇学姐lady,https://space.bilibili.com/81554471,3449.5,1331.0,796324,0.17%,生活,搞笑
2063385793,Mike丁鹏,https://space.bilibili.com/2063385793,3435,1330.0,425550,0.31%,时尚,健身
526394261,石雷鹏老师,https://space.bilibili.com/526394261,3422.8,1327.0,385246,0.34%,知识,校园学习
30947486,小椰子专栏,https://space.bilibili.com/30947486,3395.6,1327.0,246856,0.54%,知识,社科・法律・心理
487511093,YouTube精选字幕组,https://space.bilibili.com/487511093,3479.4,1326.0,2430170,0.05%,生活,日常
2912517,鹿隐玄经,https://space.bilibili.com/2912517,3251,1325.0,66608,1.99%,生活,搞笑
631070414,折原露露,https://space.bilibili.com/631070414,3430.4,1325.0,399680,0.33%,音乐,翻唱
625662374,萌小希的喵和汪,https://space.bilibili.com/625662374,3424,1323.0,401223,0.33%,动物圈,喵星人
430872643,秃崽不是坏女人,https://space.bilibili.com/430872643,3412.9,1323.0,326790,0.40%,生活,日常
3816626,Linksphotograph,https://space.bilibili.com/3816626,3464.6,1322.0,971447,0.14%,科技,数码
23237718,害羞7,https://space.bilibili.com/23237718,3458.8,1320.0,906912,0.15%,生活,日常
482818849,云顶猫咪,https://space.bilibili.com/482818849,3443.8,1318.0,806124,0.16%,游戏,电子竞技
1224799429,陈,https://space.bilibili.com/1224799429,2784.4,1314.0,17055,7.70%,生活,日常
374264854,闽男本色MANNAM,https://space.bilibili.com/374264854,3437.7,1313.0,456515,0.29%,音乐,原创音乐
20848957,风竹教主解说,https://space.bilibili.com/20848957,3418.5,1312.0,356489,0.37%,游戏,手机游戏
483818625,吃货圆圈圈,https://space.bilibili.com/483818625,3423.7,1309.0,416484,0.31%,美食,美食侦探
28152637,张雪峰老师官方号,https://space.bilibili.com/28152637,3459.5,1308.0,1971306,0.07%,知识,校园学习
529891599,大大卷卷小卷,https://space.bilibili.com/529891599,3161.4,1308.0,44190,2.96%,舞蹈,舞蹈综合
455322830,霖霖嗯,https://space.bilibili.com/455322830,2890.2,1308.0,20854,6.27%,舞蹈,舞蹈综合
415403269,internet-boy,https://space.bilibili.com/415403269,3473.6,1305.0,1110258,0.12%,生活,日常
291042076,水果医生,https://space.bilibili.com/291042076,3457.2,1304.0,1355450,0.10%,知识,科学科普
329519036,韭菜实验室,https://space.bilibili.com/329519036,3470.9,1303.0,2147799,0.06%,科技,数码
690820317,黄姐夫在德国,https://space.bilibili.com/690820317,3445.4,1302.0,689825,0.19%,美食,美食记录
1483798834,泡芙f-u,https://space.bilibili.com/1483798834,3354.1,1302.0,146457,0.89%,舞蹈,舞蹈综合
524041910,TED_课堂,https://space.bilibili.com/524041910,3362.6,1301.0,156604,0.83%,知识,校园学习
11452660,p驾到,https://space.bilibili.com/11452660,3453.4,1300.0,937174,0.14%,美食,美食制作
701179700,交错核心,https://space.bilibili.com/701179700,3349.6,1300.0,148784,0.87%,游戏,手机游戏
1696045708,老韩头儿吖,https://space.bilibili.com/1696045708,2520.5,1299.0,11419,11.38%,生活,搞笑
11498155,安森,https://space.bilibili.com/11498155,3459.2,1298.0,1273314,0.10%,知识,人文历史
492547140,地理安迎老师,https://space.bilibili.com/492547140,3440.9,1296.0,666591,0.19%,知识,校园学习
382484510,詹木丝儿fit,https://space.bilibili.com/382484510,3465,1294.0,763867,0.17%,时尚,健身
20751463,浮云上打个盹,https://space.bilibili.com/20751463,3326.3,1293.0,113202,1.14%,舞蹈,宅舞
19201320,进击的沈帅波,https://space.bilibili.com/19201320,3446.8,1291.0,787578,0.16%,知识,财经商业
1402099574,我的史珍香,https://space.bilibili.com/1402099574,3020.5,1290.0,28812,4.48%,影视,短片
6455965,218CHANGER,https://space.bilibili.com/6455965,2708.7,1290.0,14589,8.84%,生活,其他
522383007,赵露思,https://space.bilibili.com/522383007,3460.9,1288.0,1140186,0.11%,娱乐,明星
126085374,Ziwwwwwuuu,https://space.bilibili.com/126085374,3385.7,1287.0,194661,0.66%,动画,短片・手书・配音
1882631052,阿晨的动漫屋,https://space.bilibili.com/1882631052,2800.3,1287.0,17561,7.33%,动画,综合
1471508,柠好不好,https://space.bilibili.com/1471508,3256.2,1286.0,70235,1.83%,生活,日常
497178825,公考隔壁班王老师,https://space.bilibili.com/497178825,3430.6,1285.0,494943,0.26%,知识,校园学习
100829767,张婧仪,https://space.bilibili.com/100829767,3373.7,1281.0,184105,0.70%,娱乐,明星
451958224,他们叫我小欢欢_,https://space.bilibili.com/451958224,3424.5,1280.0,452411,0.28%,美食,美食测评
1310829302,青柳尊哉,https://space.bilibili.com/1310829302,3442.8,1279.0,413859,0.31%,娱乐,明星
18722787,KNOT-DANCE,https://space.bilibili.com/18722787,3382.6,1279.0,190919,0.67%,舞蹈,明星舞蹈
395877542,不刷题俱乐部,https://space.bilibili.com/395877542,3449.4,1278.0,996707,0.13%,知识,科学科普
517617256,美院学长联盟,https://space.bilibili.com/517617256,2847,1278.0,19127,6.68%,知识,校园学习
15385187,兔总裁s,https://space.bilibili.com/15385187,3477,1276.0,1406492,0.09%,舞蹈,明星舞蹈
1719833502,峡谷调查猿,https://space.bilibili.com/1719833502,3223.1,1275.0,60038,2.12%,游戏,电子竞技
1126073388,快来学英语,https://space.bilibili.com/1126073388,2897.2,1273.0,21156,6.02%,知识,校园学习
328005604,李憨憨少吃点儿,https://space.bilibili.com/328005604,2876.7,1272.0,20359,6.25%,时尚,服饰
385805493,自说自话的总裁,https://space.bilibili.com/385805493,3464.5,1271.0,1592901,0.08%,知识,人文历史
87190721,-我是小魔-,https://space.bilibili.com/87190721,3444,1270.0,739987,0.17%,知识,科学科普
457702786,摸鱼能手邓大头,https://space.bilibili.com/457702786,3457.6,1267.0,911767,0.14%,生活,搞笑
527227960,虚xv仔,https://space.bilibili.com/527227960,3043.9,1265.0,30819,4.10%,游戏,网络游戏
4543111,一条视频,https://space.bilibili.com/4543111,3470.1,1264.0,1562235,0.08%,生活,日常
327757321,摸鱼事务所,https://space.bilibili.com/327757321,3463,1262.0,1412755,0.09%,生活,搞笑
10534933,期末77,https://space.bilibili.com/10534933,3378.7,1262.0,183363,0.69%,生活,
324072946,国家2级飞行员,https://space.bilibili.com/324072946,3302.3,1261.0,96444,1.31%,游戏,电子竞技
472747194,巫师财经,https://space.bilibili.com/472747194,3497.9,1261.0,2812419,0.04%,知识,财经商业
519260355,运动与解剖,https://space.bilibili.com/519260355,3398.5,1261.0,252523,0.50%,时尚,健身
20110522,佚柔姐姐0102,https://space.bilibili.com/20110522,3339.1,1260.0,127508,0.99%,生活,日常
395987973,旦旦与大叔,https://space.bilibili.com/395987973,3185.1,1259.0,48874,2.58%,知识,财经商业
1923944932,小惜和平精英,https://space.bilibili.com/1923944932,2599,1256.0,12600,9.97%,知识,科学科普
1790615589,青椒姐姐来啦,https://space.bilibili.com/1790615589,3346.9,1256.0,129710,0.97%,知识,校园学习
455053084,刘二副,https://space.bilibili.com/455053084,3229,1254.0,59904,2.09%,生活,搞笑
8049684,绝命墨菲,https://space.bilibili.com/8049684,3433.3,1252.0,400924,0.31%,影视,影视杂谈
388742853,PlayStation,https://space.bilibili.com/388742853,3438.8,1251.0,570919,0.22%,游戏,单机游戏
1210635994,吴尽意,https://space.bilibili.com/1210635994,3389.8,1250.0,203916,0.61%,舞蹈,明星舞蹈
7714,女孩为何穿短裙,https://space.bilibili.com/7714,3505.4,1250.0,2172011,0.06%,鬼畜,鬼畜调教
1205990273,侯小鑫の生活速写,https://space.bilibili.com/1205990273,3402.6,1250.0,251985,0.50%,美食,美食制作
323024456,雨琪在芬兰,https://space.bilibili.com/323024456,3463.8,1247.0,1255448,0.10%,美食,美食记录
93735099,段炼丶Exercise,https://space.bilibili.com/93735099,3452.6,1247.0,931426,0.13%,生活,搞笑
9031136,盖隐技术GainTachnic,https://space.bilibili.com/9031136,3370.1,1247.0,165530,0.75%,时尚,服饰
1202350411,君在西安,https://space.bilibili.com/1202350411,3420.9,1246.0,395722,0.31%,美食,美食侦探
1924125735,一高数,https://space.bilibili.com/1924125735,3286.4,1246.0,84993,1.47%,知识,校园学习
37295918,是乐儿不是那儿,https://space.bilibili.com/37295918,3365.8,1244.0,155210,0.80%,时尚,服饰
22723665,你又在搞什么,https://space.bilibili.com/22723665,3440.4,1243.0,562722,0.22%,影视,影视杂谈
522521354,萌主女团,https://space.bilibili.com/522521354,3228.3,1242.0,60663,2.05%,影视,影视杂谈
3949941,阳光男孩小丑熊,https://space.bilibili.com/3949941,3441.4,1242.0,712474,0.17%,游戏,电子竞技
946974,影视飓风,https://space.bilibili.com/946974,3507.6,1240.0,5004169,0.02%,科技,数码
1915056903,暗区突围,https://space.bilibili.com/1915056903,3426.8,1239.0,465007,0.27%,游戏,手机游戏
29288532,辛小月的秘密乐园,https://space.bilibili.com/29288532,2487.5,1238.0,10751,11.52%,影视,影视杂谈
2270287,一个李欢喜,https://space.bilibili.com/2270287,3284.4,1238.0,82272,1.50%,生活,日常
38878994,阿西西Sissi,https://space.bilibili.com/38878994,3271.2,1238.0,78635,1.57%,生活,日常
690111567,不吃鱼渝,https://space.bilibili.com/690111567,3382.3,1237.0,198692,0.62%,音乐,翻唱
476967268,TomCat团座,https://space.bilibili.com/476967268,3402.1,1235.0,235559,0.52%,知识,人文历史
21581801,KM基二号,https://space.bilibili.com/21581801,3436.5,1235.0,410211,0.30%,鬼畜,鬼畜剧场
405054588,TED精选演讲,https://space.bilibili.com/405054588,3464.4,1234.0,1935464,0.06%,知识,社科・法律・心理
355390214,翻拍小分队,https://space.bilibili.com/355390214,3454.9,1233.0,714166,0.17%,影视,短片
1174015071,糕疯做蛋糕,https://space.bilibili.com/1174015071,3048.9,1233.0,31368,3.93%,美食,美食制作
36417437,STEAM特惠资讯,https://space.bilibili.com/36417437,3354.4,1233.0,148711,0.83%,游戏,单机游戏
1993333043,琪琪琪有此理,https://space.bilibili.com/1993333043,3407.2,1232.0,281446,0.44%,生活,日常
501016517,唐迟老师,https://space.bilibili.com/501016517,3453.7,1231.0,1028019,0.12%,知识,校园学习
9155451,六度无极,https://space.bilibili.com/9155451,3390.5,1230.0,222946,0.55%,生活,日常
341192569,湫湫_QiuQiu,https://space.bilibili.com/341192569,3352.9,1230.0,140157,0.88%,生活,日常
286721662,人鱼之泪tears,https://space.bilibili.com/286721662,2637.3,1230.0,13122,9.37%,娱乐,明星
1570971364,追剧侦探,https://space.bilibili.com/1570971364,3369.6,1229.0,181645,0.68%,影视,影视杂谈
66872830,为什么要耗6个币,https://space.bilibili.com/66872830,3338.3,1229.0,120804,1.02%,游戏,手机游戏
3220335,二色彩虹,https://space.bilibili.com/3220335,3441.9,1226.0,598630,0.20%,游戏,手机游戏
384939011,Henry的小木屋,https://space.bilibili.com/384939011,3454.6,1226.0,1051853,0.12%,生活,搞笑
483775385,辣目燃子,https://space.bilibili.com/483775385,3013.7,1225.0,28684,4.27%,动画,综合
47291311,超赞的每日一杯,https://space.bilibili.com/47291311,3420.2,1224.0,375321,0.33%,美食,美食制作
11186360,快乐小乐0106,https://space.bilibili.com/11186360,3368.7,1224.0,168283,0.73%,时尚,健身
11646119,正直讲史-李正Str,https://space.bilibili.com/11646119,3464.8,1222.0,1461930,0.08%,知识,人文历史
137911,猫梓子,https://space.bilibili.com/137911,3413,1222.0,287004,0.43%,时尚,服饰
15451699,小白Nanno,https://space.bilibili.com/15451699,3451.8,1220.0,1171819,0.10%,生活,日常
922573,黑泽诺亚NOIR,https://space.bilibili.com/922573,3442.3,1220.0,501623,0.24%,音乐,翻唱
12394995,粗犷毛线君,https://space.bilibili.com/12394995,3473.8,1219.0,1018858,0.12%,生活,搞笑
35386084,皮蜥蜥,https://space.bilibili.com/35386084,3455.9,1219.0,935885,0.13%,动画,MMD・3D
376774477,乔哥瞧瞧你,https://space.bilibili.com/376774477,2799.3,1218.0,17372,7.01%,影视,短片
1133193221,中国兵器装备集团,https://space.bilibili.com/1133193221,2643.3,1217.0,13380,9.10%,科技,工业・工程・机械
349721082,清华大学,https://space.bilibili.com/349721082,3466.3,1217.0,2335068,0.05%,生活,日常
192090,小透明明TM,https://space.bilibili.com/192090,3471.9,1217.0,1558351,0.08%,知识,人文历史
80304,亚食人,https://space.bilibili.com/80304,3465.1,1216.0,1309950,0.09%,游戏,网络游戏
489169245,理想国imaginist,https://space.bilibili.com/489169245,3410.9,1214.0,312677,0.39%,知识,人文历史
395931838,虎牙赖神,https://space.bilibili.com/395931838,3451.4,1213.0,1140480,0.11%,游戏,电子竞技
1468951948,MayTree五月树,https://space.bilibili.com/1468951948,3488.4,1211.0,2214700,0.05%,音乐,翻唱
2107765340,哒哒boy-杂活铺,https://space.bilibili.com/2107765340,3232,1210.0,63134,1.92%,生活,搞笑
1368259891,爱举铁的熙熙哥,https://space.bilibili.com/1368259891,3226.3,1209.0,59962,2.02%,时尚,健身
551225053,一颗臻果粒橙,https://space.bilibili.com/551225053,3004.6,1209.0,27578,4.38%,舞蹈,街舞
23791195,科学透镜,https://space.bilibili.com/23791195,3423.4,1207.0,416206,0.29%,知识,科学科普
404439515,原神百晓生,https://space.bilibili.com/404439515,3454,1204.0,1018829,0.12%,游戏,手机游戏
651386960,浅影阿_,https://space.bilibili.com/651386960,3450.6,1203.0,781644,0.15%,音乐,翻唱
10884410,ZTA大师兄,https://space.bilibili.com/10884410,2781.4,1202.0,16608,7.24%,影视,影视剪辑
1828013600,纪录片典藏,https://space.bilibili.com/1828013600,3411.7,1201.0,304253,0.39%,纪录片,人文・历史
1449165774,宝鲁日GO,https://space.bilibili.com/1449165774,3457.4,1201.0,1113749,0.11%,美食,美食制作
26032219,FoFTG,https://space.bilibili.com/26032219,3463.2,1200.0,1716337,0.07%,游戏,单机游戏
26398182,文科学生,https://space.bilibili.com/26398182,3423.8,1199.0,305430,0.39%,知识,校园学习
397012820,是Alan不是啊兰,https://space.bilibili.com/397012820,3294.6,1198.0,91651,1.31%,美食,美食记录
1858554301,后期特效小能手,https://space.bilibili.com/1858554301,3139,1198.0,38659,3.10%,影视,影视剪辑
518669719,韩国人梨梨,https://space.bilibili.com/518669719,3285.7,1194.0,87175,1.37%,生活,日常
1947293994,TED精读,https://space.bilibili.com/1947293994,3372.4,1192.0,163000,0.73%,知识,校园学习
506859354,教芭蕾的小梁33,https://space.bilibili.com/506859354,2728.8,1189.0,15403,7.72%,舞蹈,舞蹈综合
